Workbook

Sheet Endpoints for Plants & Aquatics
A1: Updated 10/17/2025 | G1: Blue Shading = Manual entry; Green Shading = Automated; ONLY INPUT DEFINITIVE VALUES
C2: Enter toxicity inputs | D2: Test species | E2: Test Species Notes: | F2: MRID(s) | G2: Non-Listed Taxa | J2: Listed Individuals (NE/MA/NLAA/LAA) | M2: Listed Populations (J/AM) | P2: Community-Level (as needed) | S2: Additional Comments:
G3: Operator = />/< | H3: Value | I3: Type | J3: Operator = />/< | K3: Value | L3: Type | M3: Operator = />/< | N3: Value | O3: Type | P3: Operator = />/< | Q3: Value | R3: Type | AZ3: LOOKUP VALUES
A4: Aquatic Vertebrates | B4: FW Fish | C4: FW Acute (µg a.i./L) | D4: Fathead minnow (Pimephales promelas) | G4: = | H4: 100 | I4: LC50 | J4: =IF(G4="","",G4) -> = | K4: =IF((LEN(TRIM(H4))=0),"--",H4) -> 100 | L4: LC50 | M4: =G4 -> = | N4: =IF((LEN(TRIM(H4))=0),"Enter LC50 in Column H",H4*0.5) -> 50 | O4: 0.5 * LC50 or HC05 | Q4: 100 | R4: LC50 or HC25 | AZ4: Operators | BB4: Test Species > | BC4: None Available
C5: FW Chronic (ug a.i./L) | G5: > | H5: 0.1 | I5: NOAEC | J5: =IF(G5="","",G5) -> > | K5: =IF((LEN(TRIM(H5))=0),"--",H5) -> 0.1 | L5: NOAEC | M5: =IF(AND(G5="=",G6="="),G5,(IF(G5="<",G5,G6))) -> = | N5: =IF(OR(H5="",H6=""),"Enter NOAEC & LOAEC in Column H", (GEOMEAN(H5:H6))) -> 1.5811388 | O5: MATC | AZ5: = | BC5: Other
G6: = | H6: 25 | I6: LOAEC | K6: =IFERROR(IF(OR(H5="",H6=""),"Check NOAEC and LOAEC Data Entry",GEOMEAN(H5:H6)),"Check NOAEC and LOAEC Data Entry") -> 1.5811388 | L6: MATC | AZ6: > | BC6: Multiple - SSD
B7: EM Fish | C7: FW Acute (µg a.i./L) | G7: > | H7: 26 | I7: LC50 | J7: =IF(G7="","",G7) -> > | K7: =IF((LEN(TRIM(H7))=0),"--",H7) -> 26 | L7: LC50 | M7: =G7 -> > | N7: =IF((LEN(TRIM(H7))=0),"Enter LC50 in Column H",H7*0.5) -> 13 | O7: 0.5 * LC50 or HC05 | Q7: 26 | R7: LC50 or HC25 | AZ7: < | BC7: Anodonta sp.
C8: FW Chronic (ug a.i./L) | H8: 2 | I8: NOAEC | J8: =IF(G8="","",G8) | K8: =IF((LEN(TRIM(H8))=0),"--",H8) -> 2 | L8: NOAEC | M8: =IF(AND(G8="=",G9="="),G8,(IF(G8="<",G8,G9))) -> 0 | N8: =IF(OR(H8="",H9=""),"Enter NOAEC & LOAEC in Column H", (GEOMEAN(H8:H9))) -> 3.7416574 | O8: MATC | BC8: Uca pugilator
H9: 7 | I9: LOAEC | K9: =IFERROR(IF(OR(H8="",H9=""),"Check NOAEC and LOAEC Data Entry",GEOMEAN(H8:H9)),"Check NOAEC and LOAEC Data Entry") -> 3.7416574 | L9: MATC | BC9: Aedes taeniorhynchus
B10: Amphibian (or Fish) | C10: FW Acute (µg a.i./L) | H10: 4 | I10: LC50 | J10: =IF(G10="","",G10) | K10: =IF((LEN(TRIM(H10))=0),"--",H10) -> 4 | L10: LC50 | M10: =G10 -> 0 | N10: =IF((LEN(TRIM(H10))=0),"Enter LC50 in Column H",H10*0.5) -> 2 | O10: 0.5 * LC50 or HC05 | Q10: 4 | R10: LC50 or HC25 | BC10: Allolobophora tuberculata
C11: FW Chronic (ug a.i./L) | H11: 1 | I11: NOAEC | J11: =IF(G11="","",G11) | K11: =IF((LEN(TRIM(H11))=0),"--",H11) -> 1 | L11: NOAEC | M11: =IF(AND(G11="=",G12="="),G11,(IF(G11="<",G11,G12))) -> 0 | N11: =IF(OR(H11="",H12=""),"Enter NOAEC & LOAEC in Column H", (GEOMEAN(H11:H12))) -> 2.6457513 | O11: MATC | BC11: Americamysis bahia
H12: 7 | I12: LOAEC | K12: =IFERROR(IF(OR(H11="",H12=""),"Check NOAEC and LOAEC Data Entry",GEOMEAN(H11:H12)),"Check NOAEC and LOAEC Data Entry") -> 2.6457513 | L12: MATC | BC12: Aphidius rhopalosiphi
A13: Aquatic Invertebrates | B13: Water Column Invertebrate (Non-Specific) Endpoints | C13: Acute Freshwater (µg a.i./L) | D13: Daphnia magna | H13: 200 | I13: EC/LC50 | J13: =IF(G13="","",G13) | K13: =IF((LEN(TRIM(H13))=0),"--",H13) -> 200 | L13: LC50 | M13: =G13 -> 0 | N13: =IF((LEN(TRIM(H13))=0),"Enter LC50 in Column H",H13*0.5) -> 100 | O13: 0.5 * LC50 or HC05 | Q13: 200 | R13: LC50 or HC25 | BC13: Apis mellifera
C14: Chronic Freshwater (µg a.i./L) | D14: Daphnia magna | G14: > | H14: 0.1 | I14: NOAEC | J14: =IF(G14="","",G14) -> > | K14: =IF((LEN(TRIM(H14))=0),"--",H14) -> 0.1 | L14: NOAEC | M14: =IF(AND(G14="=",G15="="),G14,(IF(G14="<",G14,G15))) -> = | N14: =IF(OR(H14="",H15=""),"Enter NOAEC & LOAEC in Column H", (GEOMEAN(H14:H15))) -> 0.70710678 | O14: MATC | BC14: Bombus impatiens
G15: = | H15: 5 | I15: LOAEC | K15: =IFERROR(IF(OR(H14="",H15=""),"Check NOAEC and LOAEC Data Entry",GEOMEAN(H14:H15)),"Check NOAEC and LOAEC Data Entry") -> 0.70710678 | L15: MATC | BC15: Bombus terrestris
C16: Acute Estuarine/Marine (µg a.i./L) | D16: Americamysis bahia | G16: > | H16: 0.01 | I16: LC50 | J16: =IF(G16="","",G16) -> > | K16: =IF((LEN(TRIM(H16))=0),"--",H16) -> 0.01 | L16: LC50 | M16: =G16 -> > | N16: =IF((LEN(TRIM(H16))=0),"Enter LC50 in Column H",H16*0.5) -> 0.005 | O16: 0.5 * LC50 or HC05 | Q16: 0.01 | R16: LC50 or HC25 | BC16: Brachionus calyciflorus
C17: Chronic Estuarine/Marine (µg a.i./L) | D17: Americamysis bahia | H17: 2 | I17: NOAEC | J17: =IF(G17="","",G17) | K17: =IF((LEN(TRIM(H17))=0),"--",H17) -> 2 | L17: NOAEC | M17: =IF(AND(G17="=",G18="="),G17,(IF(G17="<",G17,G18))) -> 0 | N17: =IF(OR(H17="",H18=""),"Enter NOAEC & LOAEC in Column H", (GEOMEAN(H17:H18))) -> 4.6904158 | O17: MATC | BC17: Callinectes sapidus
H18: 11 | I18: LOAEC | K18: =IFERROR(IF(OR(H17="",H18=""),"Check NOAEC and LOAEC Data Entry",GEOMEAN(H17:H18)),"Check NOAEC and LOAEC Data Entry") -> 4.6904158 | L18: MATC | BC18: Carcinus maenas
B19: Crustacean Endpoints | C19: Acute (µg a.i./L) | D19: Americamysis bahia | G19: > | H19: 5 | I19: LC50 | J19: =IF(G19="","",G19) -> > | K19: =IF((LEN(TRIM(H19))=0),"--",H19) -> 5 | L19: LC50 | M19: =G19 -> > | N19: =IF((LEN(TRIM(H19))=0),"Enter LC50 in Column H",H19*0.5) -> 2.5 | O19: 0.5 * LC50 or HC05 | Q19: 5 | R19: LC50 or HC25 | BC19: Centroptilum triangulifer
C20: Chronic (µg a.i./L) | D20: Americamysis bahia | H20: 10 | I20: NOAEC | J20: =IF(G20="","",G20) | K20: =IF((LEN(TRIM(H20))=0),"--",H20) -> 10 | L20: NOAEC | M20: =IF(AND(G20="=",G21="="),G20,(IF(G20="<",G20,G21))) -> 0 | N20: =IF(OR(H20="",H21=""),"Enter NOAEC & LOAEC in Column H", (GEOMEAN(H20:H21))) -> 14.142136 | O20: MATC | BC20: Chimarra atterima
H21: 20 | I21: LOAEC | K21: =IFERROR(IF(OR(H20="",H21=""),"Check NOAEC and LOAEC Data Entry",GEOMEAN(H20:H21)),"Check NOAEC and LOAEC Data Entry") -> 14.142136 | L21: MATC | BC21: Chironomous riparius
B22: Insect Endpoints | C22: Acute (µg a.i./L) | D22: None Available | G22: = | H22: 0.002 | I22: LC50 | J22: =IF(G22="","",G22) -> = | K22: =IF((LEN(TRIM(H22))=0),"--",H22) -> 0.002 | L22: LC50 | M22: =G22 -> = | N22: =IF((LEN(TRIM(H22))=0),"Enter LC50 in Column H",H22*0.5) -> 0.001 | O22: 0.5 * LC50 or HC05 | Q22: 0.002 | R22: LC50 or HC25 | BC22: Chironomus tentans
C23: Chronic (µg a.i./L) | D23: None Available | H23: 0.01 | I23: NOAEC | J23: =IF(G23="","",G23) | K23: =IF((LEN(TRIM(H23))=0),"--",H23) -> 0.01 | L23: NOAEC | M23: =IF(AND(G23="=",G24="="),G23,(IF(G23="<",G23,G24))) -> 0 | N23: =IF(OR(H23="",H24=""),"Enter NOAEC & LOAEC in Column H", (GEOMEAN(H23:H24))) -> 0.014142136 | O23: MATC | BC23: Chironomus dilutus
H24: 0.02 | I24: LOAEC | K24: =IFERROR(IF(OR(H23="",H24=""),"Check NOAEC and LOAEC Data Entry",GEOMEAN(H23:H24)),"Check NOAEC and LOAEC Data Entry") -> 0.014142136 | L24: MATC | BC24: Chironomus kiinensis
B25: Mollusk Endpoints | C25: Acute (µg a.i./L) | D25: Mercenaria mercenaria | G25: > | H25: 9 | I25: LC50 | J25: =IF(G25="","",G25) -> > | K25: =IF((LEN(TRIM(H25))=0),"--",H25) -> 9 | L25: LC50 | M25: =G25 -> > | N25: =IF((LEN(TRIM(H25))=0),"Enter LC50 in Column H",H25*0.5) -> 4.5 | O25: 0.5 * LC50 or HC05 | Q25: 9 | R25: LC50 or HC25 | BC25: Chironomus riparius
C26: Chronic (µg a.i./L) | D26: None Available | H26: 10 | I26: NOAEC | J26: =IF(G26="","",G26) | K26: =IF((LEN(TRIM(H26))=0),"--",H26) -> 10 | L26: NOAEC | M26: =IF(AND(G26="=",G27="="),G26,(IF(G26="<",G26,G27))) -> 0 | N26: =IF(OR(H26="",H27=""),"Enter NOAEC & LOAEC in Column H", (GEOMEAN(H26:H27))) -> 14.142136 | O26: MATC | BC26: Crangon septemspinosa
H27: 20 | I27: LOAEC | K27: =IFERROR(IF(OR(H26="",H27=""),"Check NOAEC and LOAEC Data Entry",GEOMEAN(H26:H27)),"Check NOAEC and LOAEC Data Entry") -> 14.142136 | L27: MATC | BC27: Crassostrea gigas
B28: Benthic Invertebrates | C28: Chronic Freshwater Amphipod (µg a.i./kg-OC) | D28: Hyalla azteca | H28: 1000 | I28: NOAEC | J28: =IF(G28="","",G28) | K28: =IF((LEN(TRIM(H28))=0),"--",H28) -> 1000 | L28: NOAEC | M28: =IF(AND(G28="=",G29="="),G28,(IF(G28="<",G28,G29))) -> 0 | N28: =IF(OR(H28="",H29=""),"Enter NOAEC & LOAEC in Column H", (GEOMEAN(H28:H29))) -> 1414.2136 | O28: MATC | BC28: Crassostrea virginica
H29: 2000 | I29: LOAEC | K29: =IFERROR(IF(OR(H28="",H29=""),"Check NOAEC and LOAEC Data Entry",GEOMEAN(H28:H29)),"Check NOAEC and LOAEC Data Entry") -> 1414.2136 | L29: MATC | BC29: Daphnia magna
C30: Chronic Freshwater Amphipod (µg a.i./L pore water) | D30: Hyalla azteca | G30: = | H30: 2 | I30: NOAEC | J30: =IF(G30="","",G30) -> = | K30: =IF((LEN(TRIM(H30))=0),"--",H30) -> 2 | L30: NOAEC | M30: =IF(AND(G30="=",G31="="),G30,(IF(G30="<",G30,G31))) -> = | N30: =IF(OR(H30="",H31=""),"Enter NOAEC & LOAEC in Column H", (GEOMEAN(H30:H31))) -> 6.4807407 | O30: MATC | BC30: Eisenia fetida
G31: = | H31: 21 | I31: LOAEC | K31: =IFERROR(IF(OR(H30="",H31=""),"Check NOAEC and LOAEC Data Entry",GEOMEAN(H30:H31)),"Check NOAEC and LOAEC Data Entry") -> 6.4807407 | L31: MATC | BC31: Folsomia candida
C32: Chronic Freshwater Midge (µg a.i./kg-OC) | D32: Chironomus dilutus | H32: 5000 | I32: NOAEC | J32: =IF(G32="","",G32) | K32: =IF((LEN(TRIM(H32))=0),"--",H32) -> 5000 | L32: NOAEC | M32: =IF(AND(G32="=",G33="="),G32,(IF(G32="<",G32,G33))) -> 0 | N32: =IF(OR(H32="",H33=""),"Enter NOAEC & LOAEC in Column H", (GEOMEAN(H32:H33))) -> 5477.2256 | O32: MATC | BC32: Crassostrea virginica
H33: 6000 | I33: LOAEC | K33: =IFERROR(IF(OR(H32="",H33=""),"Check NOAEC and LOAEC Data Entry",GEOMEAN(H32:H33)),"Check NOAEC and LOAEC Data Entry") -> 5477.2256 | L33: MATC | BC33: Daphnia magna
C34: Chronic Freshwater Midge (µg a.i./L pore water) | D34: Chironomus dilutus | G34: = | H34: 2 | I34: NOAEC | J34: =IF(G34="","",G34) -> = | K34: =IF((LEN(TRIM(H34))=0),"--",H34) -> 2 | L34: NOAEC | M34: =IF(AND(G34="=",G35="="),G34,(IF(G34="<",G34,G35))) -> = | N34: =IF(OR(H34="",H35=""),"Enter NOAEC & LOAEC in Column H", (GEOMEAN(H34:H35))) -> 6.4807407 | O34: MATC | BC34: Eisenia fetida
G35: = | H35: 21 | I35: LOAEC | K35: =IFERROR(IF(OR(H34="",H35=""),"Check NOAEC and LOAEC Data Entry",GEOMEAN(H34:H35)),"Check NOAEC and LOAEC Data Entry") -> 6.4807407 | L35: MATC | BC35: Folsomia candida
C36: Chronic Estuarine/Marine (µg a.i./kg-OC) | D36: Leptocheirus plumulosus | H36: 5500 | I36: NOAEC | J36: =IF(G36="","",G36) | K36: =IF((LEN(TRIM(H36))=0),"--",H36) -> 5500 | L36: NOAEC | M36: =IF(AND(G36="=",G37="="),G36,(IF(G36="<",G36,G37))) -> 0 | N36: =IF(OR(H36="",H37=""),"Enter NOAEC & LOAEC in Column H", (GEOMEAN(H36:H37))) -> 5744.5626 | O36: MATC | BC36: Gammarus pseudolimnaeus
H37: 6000 | I37: LOAEC | K37: =IFERROR(IF(OR(H36="",H37=""),"Check NOAEC and LOAEC Data Entry",GEOMEAN(H36:H37)),"Check NOAEC and LOAEC Data Entry") -> 5744.5626 | L37: MATC | BC37: Gammarus pulex
C38: Chronic Estuarine/Marine (µg a.i./L pore water) | D38: Leptocheirus plumulosus | H38: 21 | I38: NOAEC | J38: =IF(G38="","",G38) | K38: =IF((LEN(TRIM(H38))=0),"--",H38) -> 21 | L38: NOAEC | M38: =IF(AND(G38="=",G39="="),G38,(IF(G38="<",G38,G39))) -> 0 | N38: =IF(OR(H38="",H39=""),"Enter NOAEC & LOAEC in Column H", (GEOMEAN(H38:H39))) -> 30.397368 | O38: MATC | BC38: Hyalella azteca
H39: 44 | I39: LOAEC | K39: =IFERROR(GEOMEAN(H39:H40),"Check NOAEC and LOAEC Data Entry") -> 3.8105118 | L39: MATC | BC39: Laodelphax striatellus
A40: Aquatic Plants | C40: Vascular (µg a.i./L) | H40: 0.33 | I40: EC50 | K40: =IF((LEN(TRIM(H41))=0),"--",H41) -> 0.1 | L40: NOAEC/IC05 | N40: 0.33 | O40: Non-vascular EC50 or HC05 | Q40: 0.33 | R40: EC50 or HC25 | BC40: Leptocheirus plumulosus
H41: 0.1 | I41: NOAEC | K41: =IFERROR(GEOMEAN(H41:H42),"Check NOAEC and LOAEC Data Entry") -> 0.14142136 | L41: MATC
H42: 0.2 | I42: LOAEC
C43: Non-Vascular (µg a.i./L) | H43: 1.1 | I43: EC50 | K43: =IF((LEN(TRIM(H44))=0),"--",H44) -> 0.024 | L43: NOAEC/IC05 | N43: 1.1 | O43: Non-vascular EC50 or HC05 | Q43: 1.1 | R43: EC50 or HC25 | BC43: Locusta migratoria
H44: 0.024 | I44: NOAEC | K44: =IFERROR(GEOMEAN(H44:H45),"Check NOAEC and LOAEC Data Entry") -> 0.032863353 | L44: MATC
H45: 0.045 | I45: LOAEC
A46: Terrestrial and Wetland Plants | C46: Dicot (lb a.i./A) | D46: Multiple - SSD | G46: < | H46: 0.0072 | I46: IC25 | K46: 0.0024 | L46: NOAEC or ICx Value* | N46: 0.0048 | O46: HC05 or IC25 | Q46: 0.013 | R46: HC25 or 5xIC25 | BC46: Lumbriculus variegatus
H47: 0.0024 | I47: NOAEC | K47: =IFERROR(IF(OR(H47="",H48=""),"Check NOAEC and LOAEC Data Entry",GEOMEAN(H47:H48)),"Check NOAEC and LOAEC Data Entry") -> 0.0032863353 | L47: MATC
H48: 0.0045 | I48: LOAEC
C49: Monocot (lb a.i./A) | D49: Multiple - SSD | G49: > | H49: 0.028 | I49: IC25 | K49: 0.00065 | L49: NOAEC or ICx Value* | N49: 0.028 | O49: HC05 or IC25 | Q49: 0.013 | R49: HC25 or 5xIC25 | BC49: Mercenaria mercenaria
H50: 0.00065 | I50: NOAEC | K50: =IFERROR(GEOMEAN(H50:H51),"Check NOAEC and LOAEC Data Entry") -> 0.00088317609 | L50: MATC
H51: 0.0012 | I51: LOAEC
C52: Woody Plants (lb a.i./A) | D52: Other | G52: = | H52: 0.0072 | I52: IC25 | K52: 0.0024 | L52: NOAEC or ICx Value* | N52: 0.0048 | O52: HC05 or IC25** | Q52: 0.013 | R52: HC25 or 5xIC25 | BC52: Orconectes virilis
H53: 0.0024 | I53: NOAEC | K53: =IFERROR(IF(OR(H53="",H54=""),"Check NOAEC and LOAEC Data Entry",GEOMEAN(H53:H54)),"Check NOAEC and LOAEC Data Entry") -> 0.0032863353 | L53: MATC
H54: 0.0045 | I54: LOAEC
BC56: Palaemonetes pugio
BC57: Palaemonetes vulgaris
BC58: Panaeus duorarum
BC59: Penaeus stylirostris
BC60: Planorbella pilsbryi
BC61: Podisus maculiventris
BC62: Procambarus clarkii
BC63: Pteronarcys californica
BC64: Skwala sp.
BC65: Solenopsis invicta
BC66: Soyedina carolinensis
BC67: Telenomus
... BC118: Predatory mite (Hypoaspis aculeifer)

Sheet Endpoints for Terrestrial
G1: Blue Shading = Manual entry; Green Shading = Automated; ONLY INPUT DEFINITIVE VALUES
C2: Endpoint Type (Units) | D2: Test species (Must USE DROPDOWN where Blue) | E2: Test Species Notes: | F2: MRID | G2: Non-Listed Taxa | J2: Listed Individuals | M2: Listed Populations | P2: Community Level (as needed) | S2: Additional Comments:
G3: Operator = />/< | H3: Value | I3: Type | J3: Operator = />/< | K3: Value | L3: Type | M3: Operator = />/< | N3: Value | O3: Type | P3: Operator = />/< | Q3: Value | R3: Type | AZ3: LOOKUP VALUES
A4: Terrestrial Vertebrates | B4: Birds | C4: Acute Oral (mg a.i./kg-bw) | D4: Northern bobwhite (Colinus virginianus) | G4: = | H4: 125 | I4: LD50 | J4: =G4 -> = | K4: =IF((LEN(TRIM(H4))=0),"--",H4) -> 125 | L4: LD50 | M4: =G4 -> = | N4: =IF((LEN(TRIM(H4))=0),"Enter LC50 in Column H",H4*0.5) -> 62.5 | O4: 0.5 * LD50 or HC05 | Q4: 125 | R4: HC25 or surrogate | AZ4: Operators | BB4: Test Species > | BC4: None Available
C5: Subacute Dietary (mg a.i./kg diet) | D5: Mallard duck (Anas platyrhynchos) | G5: < | H5: 56 | I5: LC50 | J5: =G5 -> < | K5: =IF((LEN(TRIM(H5))=0),"--",H5) -> 56 | L5: LC50 | M5: =G5 -> < | N5: =IF((LEN(TRIM(H5))=0),"Enter LC50 in Column H",H5*0.5) -> 28 | O5: 0.5 * LC50 or HC05 | AZ5: = | BC5: Other
C6: Chronic Reproduction (mg a.i./kg diet) | D6: Northern bobwhite (Colinus virginianus) | G6: = | H6: 2 | I6: NOAEC | J6: =G6 -> = | K6: =IF((LEN(TRIM(H6))=0),"--",H6) -> 2 | L6: NOAEC | M6: =IF(AND(G6="=",G7="="),G6,(IF(G6="<",G6,G7))) -> > | N6: =IF(OR(H6="",H7=""),"Enter NOAEC & LOAEC in Column H", (GEOMEAN(H6:H7))) -> 10 | O6: MATC | AZ6: > | BC6: Multiple - SSD
G7: > | H7: 50 | I7: LOAEC | K7: =IF(OR(H6="",H7=""),"Enter NOAEC & LOAEC in Column H", (GEOMEAN(H6:H7))) -> 10 | L7: MATC | AZ7: < | BC7: Anodonta sp.
B8: Mammals | C8: Rat-Acute Oral (mg a.i./kg-bw) | D8: Norway rat (Rattus norvegicus) | G8: = | H8: 450 | I8: LD50 | J8: =G8 -> = | K8: =IF((LEN(TRIM(H8))=0),"--",H8) -> 450 | L8: LD50 | M8: =G8 -> = | N8: =IF((LEN(TRIM(H8))=0),"Enter LC50 in Column H",H8*0.5) -> 225 | O8: 0.5 * LD50 or HC05 | Q8: 450 | R8: HC25 or surrogate | BC8: Uca pugilator
C9: Rat-Chronic (Dose) (mg a.i./kg-bw) | D9: Norway rat (Rattus norvegicus) | G9: < | H9: 8 | I9: NOAEL | J9: =G9 -> < | K9: =IF((LEN(TRIM(H9))=0),"--",H9) -> 8 | L9: NOAEL | M9: =IF(AND(G9="=",G10="="),G9,(IF(G9="<",G9,G10))) -> < | N9: =IF(OR(H9="",H10=""),"Enter NOAEL & LOAEL in Column H", (GEOMEAN(H9:H10))) -> 24.494897 | O9: MATL | BC9: Aedes taeniorhynchus
G10: = | H10: 75 | I10: LOAEL | K10: =IF(OR(H9="",H10=""),"Enter NOAEC & LOAEC in Column H", (GEOMEAN(H9:H10))) -> 24.494897 | L10: MATL | BC10: Allolobophora tuberculata
C11: Rat-Chronic (Diet) (mg a.i./kg-diet) | D11: Norway rat (Rattus norvegicus) | G11: = | H11: 12 | I11: NOAEC | J11: =G11 -> = | K11: =IF((LEN(TRIM(H11))=0),"--",H11) -> 12 | L11: NOAEC | M11: =IF(AND(G11="=",G12="="),G11,(IF(G11="<",G11,G12))) -> = | N11: =IF(OR(H11="",H12=""),"Enter NOAEC & LOAEC in Column H", (GEOMEAN(H11:H12))) -> 24 | O11: MATC | BC11: Americamysis bahia
G12: = | H12: 48 | I12: LOAEC | K12: =IF(OR(H11="",H12=""),"Enter NOAEC & LOAEC in Column H", (GEOMEAN(H11:H12))) -> 24 | L12: MATC | BC12: Aphidius rhopalosiphi
B13: Amphibian (or Birds) | C13: Acute Oral (mg a.i./kg-bw) | D13: Northern bobwhite (Colinus virginianus) | G13: = | H13: 125 | I13: LD50 | J13: =G13 -> = | K13: =IF((LEN(TRIM(H13))=0),"--",H13) -> 125 | L13: LD50 | M13: =G13 -> = | N13: =IF((LEN(TRIM(H13))=0),"Enter LC50 in Column H",H13*0.5) -> 62.5 | O13: 0.5 * LD50 or HC05 | Q13: 125 | R13: HC25 or surrogate | BC13: Apis mellifera
C14: Subacute Dietary (mg a.i./kg diet) | D14: Mallard duck (Anas platyrhynchos) | G14: = | H14: 56 | I14: LC50 | J14: =G14 -> = | K14: =IF((LEN(TRIM(H14))=0),"--",H14) -> 56 | L14: LC50 | M14: =G14 -> = | N14: =IF((LEN(TRIM(H14))=0),"Enter LC50 in Column H",H14*0.5) -> 28 | O14: 0.5 * LC50 or HC05 | BC14: Bombus impatiens
C15: Chronic Reproduction (mg a.i./kg diet) | D15: Northern bobwhite (Colinus virginianus) | G15: = | H15: 2 | I15: NOAEC | J15: =G15 -> = | K15: =IF((LEN(TRIM(H15))=0),"--",H15) -> 2 | L15: NOAEC | M15: =IF(AND(G15="=",G16="="),G15,(IF(G15="<",G15,G16))) -> = | N15: =IF(OR(H15="",H16=""),"Enter NOAEC & LOAEC in Column H", (GEOMEAN(H15:H16))) -> 10 | O15: MATC | BC15: Bombus terrestris
G16: = | H16: 50 | I16: LOAEC | K16: =IF(OR(H15="",H16=""),"Enter NOAEC & LOAEC in Column H", (GEOMEAN(H15:H16))) -> 10 | L16: MATC | BC16: Brachionus calyciflorus
A17: Terrestrial Invertebrates | B17: Adult Bee | C17: Acute contact (ug a.i./bee) | G17: = | H17: 5 | I17: LD50 | J17: =G17 -> = | K17: =IF((LEN(TRIM(H17))=0),"--",H17) -> 5 | L17: LD50 | M17: =G17 -> = | N17: =IF((LEN(TRIM(H17))=0),"Enter LC50 in Column H",H17*0.4) -> 2 | O17: 0.4 * LD50 or HC05 | Q17: 5 | R17: HC25 or AAC LD50 | BC17: Callinectes sapidus
C18: Dose-Based Acute Oral (µg a.i./bee) | G18: > | H18: 10 | I18: LD50 | J18: =G18 -> > | K18: =IF((LEN(TRIM(H18))=0),"--",H18) -> 10 | L18: LD50 | M18: =G18 -> > | N18: =IF((LEN(TRIM(H18))=0),"Enter LC50 in Column H",H18*0.4) -> 4 | O18: 0.4 * LD50 or HC05 | Q18: 10 | R18: HC25 or surrogate | BC18: Carcinus maenas
C19: Dose-Based Chronic Oral (µg a.i./bee) | G19: = | H19: 8 | I19: NOAEL | J19: =G19 -> = | K19: =IF((LEN(TRIM(H19))=0),"--",H19) -> 8 | L19: NOAEL | M19: =IF(AND(G19="=",G20="="),G19,(IF(G19="<",G19,G20))) -> = | N19: =IF(OR(H19="",H20=""),"Enter NOAEL & LOAEL in Column H", (GEOMEAN(H19:H20))) -> 8.4852814 | O19: MATL | BC19: Centroptilum triangulifer
G20: = | H20: 9 | I20: LOAEL | K20: =IF(OR(H19="",H20=""),"Enter NOAEC & LOAEC in Column H", (GEOMEAN(H19:H20))) -> 8.4852814 | L20: MATL | BC20: Chimarra atterima
B21: Larval Bee | C21: Dose-based Acute Oral (µg a.i./larva) | G21: = | H21: 50 | I21: LD50 | J21: =G21 -> = | K21: =IF((LEN(TRIM(H21))=0),"--",H21) -> 50 | L21: LD50 | M21: =G21 -> = | N21: =IF((LEN(TRIM(H21))=0),"Enter LC50 in Column H",H21*0.4) -> 20 | O21: 0.4 * LD50 or HC05 | R21: LAO LC50 | BC21: Chironomous riparius
C22: Dose-based Chronic Oral (µg a.i./larva) | G22: = | H22: 1 | I22: NOAEL | J22: =G22 -> = | K22: =IF((LEN(TRIM(H22))=0),"--",H22) -> 1 | L22: NOAEL | M22: =IF(AND(G22="=",G23="="),G22,(IF(G22="<",G22,G23))) -> = | N22: =IF(OR(H22="",H23=""),"Enter NOAEL & LOAEL in Column H", (GEOMEAN(H22:H23))) -> 2.236068 | O22: MATL | BC22: Chironomus tentans
G23: = | H23: 5 | I23: LOAEL | K23: =IF(OR(H22="",H23=""),"Enter NOAEC & LOAEC in Column H", (GEOMEAN(H22:H23))) -> 2.236068 | L23: MATL | BC23: Chironomus dilutus
B24: Adult Invertebrate (Non-Specific) [usually honey bee dietary endpoints] | C24: Acute Oral (mg a.i./kg-diet) | G24: = | H24: 2 | I24: LC50 | J24: =G24 -> = | K24: =IF((LEN(TRIM(H24))=0),"--",H24) -> 2 | L24: LC50 | M24: =G24 -> = | N24: =IF((LEN(TRIM(H24))=0),"Enter LC50 in Column H",H24*0.4) -> 0.8 | O24: 0.4 * LC50 or HC05 | Q24: 2 | R24: HC25 or surrogate | BC24: Chironomus kiinensis
C25: Chronic Oral (mg a.i./kg-diet) | G25: = | H25: 0.4 | I25: NOAEC | J25: =G25 -> = | K25: =IF((LEN(TRIM(H25))=0),"--",H25) -> 0.4 | L25: NOAEC | M25: =IF(AND(G25="=",G26="="),G25,(IF(G25="<",G25,G26))) -> = | N25: =IF(OR(H25="",H26=""),"Enter NOAEC & LOAEC in Column H", (GEOMEAN(H25:H26))) -> 0.63245553 | O25: MATC | BC25: Chironomus riparius
G26: = | H26: 1 | I26: LOAEC | K26: =IF(OR(H25="",H26=""),"Enter NOAEC & LOAEC in Column H", (GEOMEAN(H25:H26))) -> 0.63245553 | L26: MATC | BC26: Crangon septemspinosa
B27: Larval Invertebrate (Non-Specific) [among most sensitive dietary endpoint] | C27: Acute Oral (mg a.i./kg-diet) | G27: = | H27: 12 | I27: LC50 | J27: =G27 -> = | K27: =IF((LEN(TRIM(H27))=0),"--",H27) -> 12 | L27: LC50 | M27: =G27 -> = | N27: =IF((LEN(TRIM(H27))=0),"Enter LC50 in Column H",H27*0.4) -> 4.8 | O27: 0.4 * LC50 or HC05 | R27: LAO LC50 | BC27: Crassostrea gigas
C28: Chronic (mg a.i./kg-diet) | G28: = | H28: 2 | I28: NOAEC | J28: =G28 -> = | K28: =IF((LEN(TRIM(H28))=0),"--",H28) -> 2 | L28: NOAEC | M28: =IF(AND(G28="=",G29="="),G28,(IF(G28="<",G28,G29))) -> = | N28: =IF(OR(H28="",H29=""),"Enter NOAEC & LOAEC in Column H", (GEOMEAN(H28:H29))) -> 3.4641016 | O28: MATC | BC28: Crassostrea virginica
G29: = | H29: 6 | I29: LOAEC | K29: =IF(OR(H28="",H29=""),"Enter NOAEC & LOAEC in Column H", (GEOMEAN(H28:H29))) -> 3.4641016 | L29: MATC | BC29: Daphnia magna
B30: Adult Bumble Bee | C30: Acute Oral (µg a.i./bee) | G30: = | H30: 20 | I30: LC50 | J30: =G30 -> = | K30: =IF((LEN(TRIM(H30))=0),"--",H30) -> 20 | L30: LC50 | M30: =G30 -> = | N30: =IF((LEN(TRIM(H30))=0),"Enter LC50 in Column H",H30*0.4) -> 8 | O30: 0.4 * LC50 or HC05 | Q30: 20 | R30: HC25 or surrogate | BC30: Eisenia fetida
C31: Chronic Oral (µg a.i./bee) | G31: = | H31: 5 | I31: NOAEC | J31: =G31 -> = | K31: =IF((LEN(TRIM(H31))=0),"--",H31) -> 5 | L31: NOAEC | M31: =IF(AND(G31="=",G32="="),G31,(IF(G31="<",G31,G32))) -> = | N31: =IF(OR(H31="",H32=""),"Enter NOAEC & LOAEC in Column H", (GEOMEAN(H31:H32))) -> 7.0710678 | O31: MATC | BC31: Folsomia candida
G32: = | H32: 10 | I32: LOAEC | K32: =IF(OR(H31="",H32=""),"Enter NOAEC & LOAEC in Column H", (GEOMEAN(H31:H32))) -> 7.0710678 | L32: MATC | BC32: Gammarus pseudolimnaeus
B33: Butterflies (adult) | C33: Acute Oral (mg a.i./kg-diet) | G33: = | H33: 20 | I33: LC50 | J33: =G33 -> = | K33: =IF((LEN(TRIM(H33))=0),"--",H33) -> 20 | L33: LC50 | M33: =G33 -> = | N33: =IF((LEN(TRIM(H33))=0),"Enter LC50 in Column H",H33*0.4) -> 8 | O33: 0.4 * LC50 or HC05 | R33: HC25 or surrogate | BC33: Gammarus pulex
C34: Chronic Oral (mg a.i./kg-diet) | G34: = | H34: 5 | I34: NOAEC | J34: =G34 -> = | K34: =IF((LEN(TRIM(H34))=0),"--",H34) -> 5 | L34: NOAEC | M34: =IF(AND(G34="=",G35="="),G34,(IF(G34="<",G34,G35))) -> = | N34: =IF(OR(H34="",H35=""),"Enter NOAEC & LOAEC in Column H", (GEOMEAN(H34:H35))) -> 7.0710678 | O34: MATC | BC34: Hyalella azteca
G35: = | H35: 10 | I35: LOAEC | K35: =IF(OR(H34="",H35=""),"Enter NOAEC & LOAEC in Column H", (GEOMEAN(H34:H35))) -> 7.0710678 | L35: MATC | BC35: Laodelphax striatellus
B36: Beetles (adult) | C36: Acute Oral (mg a.i./kg-diet) | G36: = | H36: 20 | I36: LC50 | J36: =G36 -> = | K36: =IF((LEN(TRIM(H36))=0),"--",H36) -> 20 | L36: LC50 | M36: =G36 -> = | N36: =IF((LEN(TRIM(H36))=0),"Enter LC50 in Column H",H36*0.4) -> 8 | O36: 0.4 * LC50 or HC05 | R36: HC25 or surrogate | BC36: Leptocheirus plumulosus
C37: Chronic Oral (mg a.i./kg-diet) | G37: = | H37: 5 | I37: NOAEC | J37: =G37 -> = | K37: =IF((LEN(TRIM(H37))=0),"--",H37) -> 5 | L37: NOAEC | M37: =IF(AND(G37="=",G38="="),G37,(IF(G37="<",G37,G38))) -> = | N37: =IF(OR(H37="",H38=""),"Enter NOAEC & LOAEC in Column H", (GEOMEAN(H37:H38))) -> 7.0710678 | O37: MATC | BC37: Locusta migratoria
G38: = | H38: 10 | I38: LOAEC | K38: =IF(OR(H37="",H38=""),"Enter NOAEC & LOAEC in Column H", (GEOMEAN(H37:H38))) -> 7.0710678 | L38: MATC | BC38: Lumbriculus variegatus
B39: Soil Exposure | C39: Acute (mg a.i./kg dw soil) | G39: = | H39: 20 | I39: LC50 | J39: =G39 -> = | K39: =IF((LEN(TRIM(H39))=0),"--",H39) -> 20 | L39: LC50 | M39: =G39 -> = | N39: =IF((LEN(TRIM(H39))=0),"Enter LC50 in Column H",H39*0.4) -> 8 | O39: 0.4 * LC50 or HC05 | R39: HC25 or surrogate | BC39: Lygus lineolaris
C40: Chronic (mg a.i./kg dw soil) | G40: = | H40: 5 | I40: NOAEC | J40: =G40 -> = | K40: =IF((LEN(TRIM(H40))=0),"--",H40) -> 5 | L40: NOAEC | M40: =IF(AND(G40="=",G41="="),G40,(IF(G40="<",G40,G41))) -> = | N40: =IF(OR(H40="",H41=""),"Enter NOAEC & LOAEC in Column H", (GEOMEAN(H40:H41))) -> 7.0710678 | O40: MATC | BC40: Mercenaria mercenaria
G41: = | H41: 10 | I41: LOAEC | K41: =IF(OR(H40="",H41=""),"Enter NOAEC & LOAEC in Column H", (GEOMEAN(H40:H41))) -> 7.0710678 | L41: MATC | BC41: Myzus persicae
B42: Treated Surface Exposure - Tier I Artificial Surface | C42: Acute (lb a.i./A) | G42: = | H42: 20 | I42: LC50 | J42: =G42 -> = | K42: =IF((LEN(TRIM(H42))=0),"--",H42) -> 20 | L42: LC50 | M42: =G42 -> = | BC42: Orconectes virilis
C43: Chronic (lb a.i./A) | G43: = | H43: 5 | I43: NOAEC | J43: =G43 -> = | K43: =IF((LEN(TRIM(H43))=0),"--",H43) -> 5 | L43: NOAEC | M43: =IF(AND(G43="=",G44="="),G43,(IF(G43="<",G43,G44))) -> = | BC43: Osmia bicornis
G44: = | H44: 10 | I44: LOAEC | BC44: Ostrinia nubilalis
B45: Treated Surface Exposure - Tier II Natural Surface | C45: Acute (lb a.i./A) | G45: = | H45: 20 | I45: LC50 | J45: =G45 -> = | K45: =IF((LEN(TRIM(H45))=0),"--",H45) -> 20 | L45: LC50 | M45: =G45 -> = | N45: =IF((LEN(TRIM(H45))=0),"Enter LC50 in Column H",H45*0.4) -> 8 | O45: 0.4 * LC50 or HC05 | BC45: Palaemonetes pugio
C46: Chronic (lb a.i./A) | G46: = | H46: 5 | I46: NOAEC | J46: =G46 -> = | K46: =IF((LEN(TRIM(H46))=0),"--",H46) -> 5 | L46: NOAEC | M46: =IF(AND(G46="=",G47="="),G46,(IF(G46="<",G46,G47))) -> = | N46: =IF(OR(H46="",H47=""),"Enter NOAEC & LOAEC in Column H", (GEOMEAN(H46:H47))) -> 7.0710678 | O46: MATC | BC46: Palaemonetes vulgaris
G47: = | H47: 10 | I47: LOAEC | K47: =IF(OR(H46="",H47=""),"Enter NOAEC & LOAEC in Column H", (GEOMEAN(H46:H47))) -> 7.0710678 | L47: MATC | BC47: Panaeus duorarum
B48: Other | C48: Acute contact (mg a.i./kg-bw) | G48: = | H48: 11 | I48: LD50 | J48: =G48 -> = | K48: =IF((LEN(TRIM(H48))=0),"--",H48) -> 11 | L48: LD50 | M48: =G48 -> = | N48: =IF((LEN(TRIM(H48))=0),"Enter LC50 in Column H",H48*0.4) -> 4.4 | O48: 0.4 * LD50 or HC05 | Q48: 11 | R48: HC25 or AAC LD50 | BC48: Penaeus stylirostris
C49: Chronic (--) | I49: NOAEC | J49: =G49 -> 0 | K49: =IF((LEN(TRIM(H49))=0),"--",H49) -> -- | L49: NOAEC | M49: =IF(AND(G49="=",G50="="),G49,(IF(G49="<",G49,G50))) -> 0 | N49: =IF(OR(H49="",H50=""),"Enter NOAEC & LOAEC in Column H", (GEOMEAN(H49:H50))) -> Enter NOAEC & LOAEC in Column H | O49: MATC | BC49: Planorbella pilsbryi
I50: LOAEC | K50: =IF(OR(H49="",H50=""),"Enter NOAEC & LOAEC in Column H", (GEOMEAN(H49:H50))) -> Enter NOAEC & LOAEC in Column H | L50: MATC | BC50: Podisus maculiventris
BC51: Procambarus clarkii
BC52: Pteronarcys californica
BC53: Skwala sp.
BC54: Solenopsis invicta
BC55: Soyedina carolinensis
BC56: Telenomus
BC57: Solanum lycopersicum
BC58: Cucumis sativus
BC59: Lactuca sativa
BC60: Glycine max
BC61: Brassica oleracea
BC62: Daucus carota
... BC107: Predatory mite (Hypoaspis aculeifer)

Sheet USE SUMMARY TABLE
B1: Enter all uses to be modeled (fill in ALL yellow relevant cells)
M2: For PWC Inputs | Q2: Not required for all uses
A3: Use Site (Automatically Filled) | B3: Use Site (Begin to enter name and select from dropdown) | C3: Maximum Single Application Rate (lbs a.i./A) from Label (enter numeric value) | D3: Maximum Number of Applications at Max Application Rate (enter numeric value) | E3: Modeled Single Application Rates (separate multiple applications with commas, keep in order of appliciaton) | F3: Annual Maximum Application Rate (lbs a.i./A) from Label | G3: Application Type (App method in PWC) (Select from Dropdown) | H3: Spray Drift Application Method(s) (Select from dropdown) | I3: Aerial Spray Drift Assumption (Select from dropdown; default assumption Aerial_Medium) | J3: Ground Spray Drift Assumption (Select from dropdown; default assumption Ground_VF-F HB) | K3: Airblast (Select from dropdown; default assumption Airblast Sparse) | L3: Minimum Retreatment Interval (days) | M3: Relative Application Timing (Select from dropdown) | N3: For PWC Modeling: Variable days of Application (enter values separated by commas) | O3: For Terrestrial Modeling: Variable days of Application (enter values separated by commas) | P3: Foliar vs Soil uptake assumption for BeeREX (Select from dropdown; default is Foliar) | Q3: Seed Treatment Rate for Direct Feeding and Uptake Rate Assessment (mg a.i./seed) | R3: Aquatic Target Concentration ug a.i./L (only applicable when indicated in Column T) | S3: Geographic Definition (Select from Dropdown) | T3: PWC Scenario Name (Automatically Matched) | U3: UDL (Automatically Matched) | V3: Notes
A4: 1 | B4: Corn | C4: 0.75 | D4: 1 | E4: 0.75 | F4: 0.75 | G4: Spray, Granular | H4: Ground | I4: Aerial_Coarse | J4: Ground_F-MC_HB | K4: Airblast_Sparse | M4: Pre-emergence | N4: -14 | P4: Foliar Spray | S4: L48 | T4: =IFERROR(VLOOKUP($B4,'Lookup Tables For Tool'!$D:$F,3,FALSE),"Enter Use Site") -> Corn | U4: =IFERROR(VLOOKUP($B4,'Lookup Tables For Tool'!$D:$F,2,FALSE),"Enter Use Site") -> Corn
A5: =A4+1 -> 2 | B5: Soybean (Glycine max) | C5: 1.125 | D5: 3 | E5: 1.125,1,0.875 | F5: 3 | G5: Spray | H5: Ground | I5: Aerial_Fine_50 | J5: Ground_VF-F_HB | L5: 7 | M5: Post-emergence | N5: 0,7,14 | O5: 1,7,14 | P5: Foliar Spray | S5: L48, NL48 | T5: =IFERROR(VLOOKUP($B5,'Lookup Tables For Tool'!$D:$F,3,FALSE),"Enter Use Site") -> Soybean | U5: =IFERROR(VLOOKUP($B5,'Lookup Tables For Tool'!$D:$F,2,FALSE),"Enter Use Site") -> Soybeans
A6: =A5+1 -> 3 | B6: Almond | C6: 1 | D6: 1 | E6: 1 | F6: 1 | G6: Spray | H6: Ground, Aerial | I6: Aerial_Medium | J6: Ground_VF-F_LB | K6: Airblast_Sparse | M6: Pre-emergence | N6: 1 | P6: Soil Spray | S6: L48, NL48 | T6: =IFERROR(VLOOKUP($B6,'Lookup Tables For Tool'!$D:$F,3,FALSE),"Enter Use Site") -> Orchard deciduous | U6: =IFERROR(VLOOKUP($B6,'Lookup Tables For Tool'!$D:$F,2,FALSE),"Enter Use Site") -> Other Orchards
A7: =A6+1 -> 4 | B7: Citrus hybrids, Citrus spp. Eremocitrus spp., Fortunella spp., Microcitrus spp., and Poncirus spp | C7: 1 | D7: 2 | E7: 0.5,1 | F7: 1.5 | G7: Spray | H7: Ground | I7: Aerial_Very_Coarse | J7: Ground_F-MC_LB | L7: 14 | M7: Pre-emergence | N7: -28,-14 | O7: 1,14 | P7: Foliar Spray | S7: L48 | T7: =IFERROR(VLOOKUP($B7,'Lookup Tables For Tool'!$D:$F,3,FALSE),"Enter Use Site") -> Orchard evergreen | U7: =IFERROR(VLOOKUP($B7,'Lookup Tables For Tool'!$D:$F,2,FALSE),"Enter Use Site") -> Citrus
A8: =A7+1 -> 5 | B8: Blackberry | C8: 1 | D8: 1 | E8: 1 | F8: 1 | G8: Spray | H8: Ground | J8: Ground_F-MC_HB | M8: Post-emergence | N8: 1 | P8: Foliar Spray | S8: L48 | T8: =IFERROR(VLOOKUP($B8,'Lookup Tables For Tool'!$D:$F,3,FALSE),"Enter Use Site") -> Small fruit trellised | U8: =IFERROR(VLOOKUP($B8,'Lookup Tables For Tool'!$D:$F,2,FALSE),"Enter Use Site") -> Vegetables and Ground Fruit
A9: =A8+1 -> 6 | B9: Broccoli | C9: 0.5 | D9: 1 | E9: 0.5 | F9: 0.5 | G9: Spray | H9: Ground | J9: Ground_F-MC_HB | M9: Pre-emergence | N9: -14 | P9: Foliar Spray | S9: L48 | T9: =IFERROR(VLOOKUP($B9,'Lookup Tables For Tool'!$D:$F,3,FALSE),"Enter Use Site") -> Vegetable fresh or processing market | U9: =IFERROR(VLOOKUP($B9,'Lookup Tables For Tool'!$D:$F,2,FALSE),"Enter Use Site") -> Vegetables and Ground Fruit
A10: =A9+1 -> 7 | B10: Garlic, Bulb | C10: 0.25 | D10: 1 | E10: 0.25 | F10: 0.25 | G10: Granular | H10: Ground | M10: Pre-emergence | N10: -14 | P10: soil/granular | S10: NL48 | T10: =IFERROR(VLOOKUP($B10,'Lookup Tables For Tool'!$D:$F,3,FALSE),"Enter Use Site") -> Vegetable fresh or processing market | U10: =IFERROR(VLOOKUP($B10,'Lookup Tables For Tool'!$D:$F,2,FALSE),"Enter Use Site") -> Vegetables and Ground Fruit
A11: =A10+1 -> 8 | B11: Wheat, Triticum spp | C11: 1 | D11: 1 | E11: 1 | F11: 1 | G11: Seed | M11: Pre-emergence | N11: -14 | P11: seed | Q11: 1.2 | S11: L48, NL48 | T11: =IFERROR(VLOOKUP($B11,'Lookup Tables For Tool'!$D:$F,3,FALSE),"Enter Use Site") -> Wheat spring | U11: =IFERROR(VLOOKUP($B11,'Lookup Tables For Tool'!$D:$F,2,FALSE),"Enter Use Site") -> Spring wheat
A12: =A11+1 -> 9 | B12: Clover | C12: 1 | D12: 2 | E12: 1,1 | F12: 2 | G12: Spray | I12: Aerial_Coarse | J12: Ground_F-MC_HB | L12: 35 | M12: Post-emergence | N12: 0,35 | O12: 1,34 | P12: Foliar Spray | S12: L48, NL48 | T12: =IFERROR(VLOOKUP($B12,'Lookup Tables For Tool'!$D:$F,3,FALSE),"Enter Use Site") -> Hay all | U12: =IFERROR(VLOOKUP($B12,'Lookup Tables For Tool'!$D:$F,2,FALSE),"Enter Use Site") -> Other crops
A13: =A12+1 -> 10 | B13: Apple | C13: 2 | D13: 2 | E13: 2,2 | F13: 4 | G13: Spray | I13: Aerial_Medium | J13: Ground_F-MC_HB | K13: Airblast_Sparse | L13: 10 | M13: Post-emergence | N13: 0,10 | O13: 1,11 | P13: Foliar Spray | S13: L48 | T13: =IFERROR(VLOOKUP($B13,'Lookup Tables For Tool'!$D:$F,3,FALSE),"Enter Use Site") -> Orchard deciduous | U13: =IFERROR(VLOOKUP($B13,'Lookup Tables For Tool'!$D:$F,2,FALSE),"Enter Use Site") -> Other Orchards
A14: =A13+1 -> 11 | B14: Grass, Pasture | C14: 1 | D14: 1 | E14: 1 | F14: 1 | G14: Spray | I14: Aerial_Medium | J14: Ground_F-MC_HB | M14: Post-emergence | N14: 3/1 | P14: Foliar Spray | S14: L48 | T14: =IFERROR(VLOOKUP($B14,'Lookup Tables For Tool'!$D:$F,3,FALSE),"Enter Use Site") -> Pasture or forage | U14: =IFERROR(VLOOKUP($B14,'Lookup Tables For Tool'!$D:$F,2,FALSE),"Enter Use Site") -> Range
A15: =A14+1 -> 12 | B15: AQUATICS: Water/Fluids/Waste Materials and Systems (Not intended for direct human consumption or food contact) | R15: 2.5 | T15: =IFERROR(VLOOKUP($B15,'Lookup Tables For Tool'!$D:$F,3,FALSE),"Enter Use Site") -> Target Concentration | U15: =IFERROR(VLOOKUP($B15,'Lookup Tables For Tool'!$D:$F,2,FALSE),"Enter Use Site") -> non-cultivated
A16: =A15+1 -> 13 | T16: =IFERROR(VLOOKUP($B16,'Lookup Tables For Tool'!$D:$F,3,FALSE),"Enter Use Site") -> Enter Use Site | U16: =IFERROR(VLOOKUP($B16,'Lookup Tables For Tool'!$D:$F,2,FALSE),"Enter Use Site") -> Enter Use Site
A17: =A16+1 -> 14 | T17: =IFERROR(VLOOKUP($B17,'Lookup Tables For Tool'!$D:$F,3,FALSE),"Enter Use Site") -> Enter Use Site | U17: =IFERROR(VLOOKUP($B17,'Lookup Tables For Tool'!$D:$F,2,FALSE),"Enter Use Site") -> Enter Use Site
A18: =A17+1 -> 15 | T18: =IFERROR(VLOOKUP($B18,'Lookup Tables For Tool'!$D:$F,3,FALSE),"Enter Use Site") -> Enter Use Site | U18: =IFERROR(VLOOKUP($B18,'Lookup Tables For Tool'!$D:$F,2,FALSE),"Enter Use Site") -> Enter Use Site
A19: =A18+1 -> 16 | T19: =IFERROR(VLOOKUP($B19,'Lookup Tables For Tool'!$D:$F,3,FALSE),"Enter Use Site") -> Enter Use Site | U19: =IFERROR(VLOOKUP($B19,'Lookup Tables For Tool'!$D:$F,2,FALSE),"Enter Use Site") -> Enter Use Site
A20: =A19+1 -> 17 | T20: =IFERROR(VLOOKUP($B20,'Lookup Tables For Tool'!$D:$F,3,FALSE),"Enter Use Site") -> Enter Use Site | U20: =IFERROR(VLOOKUP($B20,'Lookup Tables For Tool'!$D:$F,2,FALSE),"Enter Use Site") -> Enter Use Site
A21: =A20+1 -> 18 | T21: =IFERROR(VLOOKUP($B21,'Lookup Tables For Tool'!$D:$F,3,FALSE),"Enter Use Site") -> Enter Use Site | U21: =IFERROR(VLOOKUP($B21,'Lookup Tables For Tool'!$D:$F,2,FALSE),"Enter Use Site") -> Enter Use Site
A22: =A21+1 -> 19 | T22: =IFERROR(VLOOKUP($B22,'Lookup Tables For Tool'!$D:$F,3,FALSE),"Enter Use Site") -> Enter Use Site | U22: =IFERROR(VLOOKUP($B22,'Lookup Tables For Tool'!$D:$F,2,FALSE),"Enter Use Site") -> Enter Use Site
A23: =A22+1 -> 20 | T23: =IFERROR(VLOOKUP($B23,'Lookup Tables For Tool'!$D:$F,3,FALSE),"Enter Use Site") -> Enter Use Site | U23: =IFERROR(VLOOKUP($B23,'Lookup Tables For Tool'!$D:$F,2,FALSE),"Enter Use Site") -> Enter Use Site
A24: =A23+1 -> 21 | T24: =IFERROR(VLOOKUP($B24,'Lookup Tables For Tool'!$D:$F,3,FALSE),"Enter Use Site") -> Enter Use Site | U24: =IFERROR(VLOOKUP($B24,'Lookup Tables For Tool'!$D:$F,2,FALSE),"Enter Use Site") -> Enter Use Site
A25: =A24+1 -> 22 | T25: =IFERROR(VLOOKUP($B25,'Lookup Tables For Tool'!$D:$F,3,FALSE),"Enter Use Site") -> Enter Use Site | U25: =IFERROR(VLOOKUP($B25,'Lookup Tables For Tool'!$D:$F,2,FALSE),"Enter Use Site") -> Enter Use Site
A26: =A25+1 -> 23 | T26: =IFERROR(VLOOKUP($B26,'Lookup Tables For Tool'!$D:$F,3,FALSE),"Enter Use Site") -> Enter Use Site | U26: =IFERROR(VLOOKUP($B26,'Lookup Tables For Tool'!$D:$F,2,FALSE),"Enter Use Site") -> Enter Use Site
A27: =A26+1 -> 24 | T27: =IFERROR(VLOOKUP($B27,'Lookup Tables For Tool'!$D:$F,3,FALSE),"Enter Use Site") -> Enter Use Site | U27: =IFERROR(VLOOKUP($B27,'Lookup Tables For Tool'!$D:$F,2,FALSE),"Enter Use Site") -> Enter Use Site
... A54: =A53+1 -> 51 | T54: =IFERROR(VLOOKUP($B54,'Lookup Tables For Tool'!$D:$F,3,FALSE),"Enter Use Site") -> Enter Use Site | U54: =IFERROR(VLOOKUP($B54,'Lookup Tables For Tool'!$D:$F,2,FALSE),"Enter Use Site") -> Enter Use Site
B55: TO ADD MORE USES: Copy last row and insert it into this row.
B56: Blank rows are ok to leave in the table above, just do not skip rows beween use sites

Sheet Physiochemical Data Entry
A1: Information for PWC Runs | B1: ENTER Values into all purple cells (no blanks unless stated)
A2: Parameter | B2: Koc (provide if used in PWC) | C2: Kd (provide if used in PWC) | D2: Effective KOC (Entered KOC in B3, or entered Kd/foc)
A3: Sorption (ml/g) | C3: 0.52 | D3: =IF(B3="",C3/B24,B3) -> 13
A4: Water Column Halflife (day) | B4: 45
A5: Water Reference Temperature (°C) | B5: 25
A6: Benthic Halflife (day) | B6: 321 | C6: DO NOT USE "0"
A7: Benthic Reference Temperature (°C) | B7: 25
A8: Aqueous Photolysis Halflife (day) | B8: 12.98 | C8: DO NOT USE "0"
A9: Photolysis Reference Latitude (°N) | B9: 40
A10: Hydrolysis Halflife (day) | B10: 50000 | C10: DO NOT USE "0"
A11: Soil Halflife (day) | B11: 6.92 | C11: DO NOT USE "0"
A12: Soil Reference Temperature (°C) | B12: 25
A13: Foliar Halflife (day) | B13: 50000 | C13: DO NOT USE "0"
A14: Foliar Washoff (cm-1) | B14: 0.5
A15: Molecular Weight (g/mol) | B15: 221.04
A16: Vapor Pressure (torr) | B16: 1.4e-07
A17: Solubility (mg/L) | B17: 569
A18: Henry' Coeefficient (vol/vol) | B18: 2.92e-09
A19: Air Diffusion Coefficient (cm2/day) | C19: This cell may remain blank
A20: Heat of Henry (J/mol) | B20: 50000 | C20: DO NOT USE "0"
A22: logKow | B22: 2.14
A23: Benthic Conversion Factor | B23: =0.37+0.04*D3 -> 0.89
A24: Soil OC fraction for PWC (foc) | B24: 0.04
A26: Terrestrial Animal Foliar Dissipation Halflife Assumption (default assumption 10-days) | B26: 10
A27: Mineau Scaling Factor (default 1.15) | B27: 1.15 | C27: Change this value only if there is chemical specific data to do so

Sheet Plant Residue Data Entry
A1: Enter available emprirical data for residues in the listed matrices. NOTE: These will not override default assumptions. Risk/Impact conclusions will be provided separately for all uses with empirical data.
A3: Use Site (Crosswalked to Use Summary Worksheet) | B3: Empirical residue in pollen/bread (mg a.i./kg) | C3: Empirical residue in nectar (mg a.i./kg) | D3: Empirical residue in foliage (mg a.i./kg) | E3: Empirical residue in jelly (mg a.i./kg)
A4: ='USE SUMMARY TABLE'!B4 -> Corn
A5: ='USE SUMMARY TABLE'!B5 -> Soybean (Glycine max)
A6: ='USE SUMMARY TABLE'!B6 -> Almond
A7: ='USE SUMMARY TABLE'!B7 -> Citrus hybrids, Citrus spp. Eremocitrus spp., Fortunella spp., Microcitrus spp., and Poncirus spp
A8: ='USE SUMMARY TABLE'!B10 -> Garlic, Bulb
A9: ='USE SUMMARY TABLE'!B11 -> Wheat, Triticum spp
A10: ='USE SUMMARY TABLE'!B13 -> Apple
A11: ='USE SUMMARY TABLE'!B14 -> Grass, Pasture
A12: ='USE SUMMARY TABLE'!B15 -> AQUATICS: Water/Fluids/Waste Materials and Systems (Not intended for direct human consumption or food contact)
A13: ='USE SUMMARY TABLE'!B16 -> 0
A14: ='USE SUMMARY TABLE'!B17 -> 0
A15: ='USE SUMMARY TABLE'!B18 -> 0
A16: ='USE SUMMARY TABLE'!B19 -> 0
A17: ='USE SUMMARY TABLE'!B20 -> 0
A18: ='USE SUMMARY TABLE'!B21 -> 0
A19: ='USE SUMMARY TABLE'!B22 -> 0
A20: ='USE SUMMARY TABLE'!B23 -> 0
A21: ='USE SUMMARY TABLE'!B24 -> 0
... A50: ='USE SUMMARY TABLE'!B53 -> 0
A51: ='USE SUMMARY TABLE'!B55 -> TO ADD MORE USES: Copy last row and insert it into this row.

Sheet Lookup Tables For Tool
B1: Color Key: | C1: Surveyed | H1: Application Method | J1: Relative timing | K1: Application Type | M1: Droplet Size Assumption | P1: Foliar or Soil Uptake Assumption | S1: Geographic Definition
C2: Group Name | H2: Ground | J2: Pre-emergence | K2: Spray | M2: Aerial_Fine_50 | P2: Soil Spray | S2: L48
C3: Sub-Group Name | H3: Ground, Aerial | J3: Post-emergence | K3: Spray, Granular | M3: Aerial_Medium | P3: Foliar Spray | S3: L48, NL48
C4: Not Surveyed | H4: Ground, Aerial, Airblast | J4: Pre-Maturity | K4: Spray, Granular, Seed | M4: Aerial_Coarse | P4: soil/granular | S4: NL48
B5: 2 | C5: 2 | H5: Aerial | J5: Post-Maturity | K5: Spray, Seed | M5: Aerial_Very_Coarse | P5: seed
A6: surveyed by anyone and group headings in green | B6: Crop Description IR-4* | H6: Aerial, Airblast | J6: Pre-Removal | K6: Granular | M6: Ground_VF-F_HB
B7: Crop Group/Subgroup | D7: Site | E7: UDL | F7: PWC Scenario | H7: Ground, Airblast | J7: Post-Removal | K7: Granular, Seed | M7: Ground_VF-F_LB
A8: 1 | B8: 1 | C8: 1: Root and Tuber Vegetables Group | D8: 1: Root and Tuber Vegetables Group | E8: see constituent crops | F8: Need constituent crops | H8: Airblast | J8: Absolute Date | K8: Seed | M8: Ground_F-MC_HB
A9: 2 | B9: 1 | C9: Arracacha | D9: Arracacha (Arracacia xanthorrhiza) | E9: Vegetables and Ground Fruit | F9: Vegetable fresh or processing market | M9: Ground_F-MC_LB
A10: 3 | B10: 1 | C10: Arrowroot | D10: Arrowroot (Maranta arundinacea) | E10: Vegetables and Ground Fruit | F10: Vegetable fresh or processing market | M10: Airblast_Sparse
A11: 4 | B11: 1 | C11: Artichoke, Chinese | D11: Artichoke, Chinese (Stachys affinis) | E11: Vegetables and Ground Fruit | F11: Vegetable fresh or processing market
A12: 5 | B12: 1 | C12: Artichoke, Jerusalem | D12: Artichoke, Jerusalem (Helianthus tuberosus) | E12: Vegetables and Ground Fruit | F12: Vegetable fresh or processing market
A13: 6 | B13: 1 | C13: Beet, garden | D13: Beet, garden (Beta vulgaris) | E13: Vegetables and Ground Fruit | F13: Vegetable fresh or processing market
A14: 7 | B14: 1 | C14: Beet, Sugar | D14: Beet, Sugar | E14: Other row crops | F14: Row or field crop
A15: 8 | B15: 1 | C15: Beet, Sugar, Seed | D15: Beet, Sugar, Seed | E15: Other row crops | F15: Row or field crop
A16: 9 | B16: 1 | C16: Burdock, edible | D16: Burdock, edible (Arctium lappa) | E16: Vegetables and Ground Fruit | F16: Vegetable fresh or processing market
A17: 10 | B17: 1 | C17: Canna, edible | D17: Canna, edible (Queensland arrowroot) (Canna indica) | E17: Vegetables and Ground Fruit | F17: Vegetable fresh or processing market
A18: 11 | B18: 1 | C18: Carrot | D18: Carrot (Daucus carota) | E18: Vegetables and Ground Fruit | F18: Vegetable fresh or processing market
A19: 12 | B19: 1 | C19: Cassava, bitter and sweet | D19: Cassava, bitter and sweet (Manihot esculenta) | E19: Vegetables and Ground Fruit | F19: Vegetable fresh or processing market
A20: 13 | B20: 1 | C20: Celeriac | D20: Celeriac (celery root) (Apium graveolens var. rapaceum) | E20: Vegetables and Ground Fruit | F20: Vegetable fresh or processing market
A21: 14 | B21: 1 | C21: Chayote | D21: Chayote (root) (Sechium edule) | E21: Vegetables and Ground Fruit | F21: Vegetable fresh or processing market
A22: 15 | B22: 1 | C22: Chervil, turnip-rooted | D22: Chervil, turnip-rooted (Chaerophyllum bulbosum). | E22: Vegetables and Ground Fruit | F22: Vegetable fresh or processing market
... A45: 38 | B45: 1 | C45: Yam, true | D45: Yam, true (Dioscorea spp.) | E45: Vegetables and Ground Fruit | F45: Vegetable fresh or processing market
A46: 39 | B46: 1A | C46: 1A. Root vegetables subgroup | D46: 1A. Root vegetables subgroup | E46: #N/A | F46: Need constituent crops
A47: 40 | B47: 1A | C47: Beet, garden | D47: Beet, garden | E47: Vegetables and Ground Fruit | F47: Vegetable fresh or processing market
A48: 41 | B48: 1A | C48: Beet, Sugar | D48: Beet, Sugar | E48: Other row crops | F48: Row or field crop
A49: 42 | B49: 1A | C49: Beet, Sugar, Seed | D49: Beet, Sugar, Seed | E49: Other row crops | F49: Row or field crop
A50: 43 | B50: 1A | C50: Burdock, Edible | D50: Burdock, Edible | E50: Vegetables and Ground Fruit | F50: Vegetable fresh or processing market
A51: 44 | B51: 1A | C51: Carrot | D51: Carrot | E51: Vegetables and Ground Fruit | F51: Vegetable fresh or processing market
A52: 45 | B52: 1A | C52: Celeriac | D52: Celeriac | E52: Vegetables and Ground Fruit | F52: Vegetable fresh or processing market
A53: 46 | B53: 1A | C53: Chervil, Turnip-Rooted | D53: Chervil, Turnip-Rooted | E53: Vegetables and Ground Fruit | F53: Vegetable fresh or processing market
A54: 47 | B54: 1A | C54: Chicory | D54: Chicory | E54: Vegetables and Ground Fruit | F54: Vegetable fresh or processing market
A55: 48 | B55: 1A | C55: Ginseng | D55: Ginseng | E55: Vegetables and Ground Fruit | F55: Vegetable fresh or processing market
A56: 49 | B56: 1A | C56: Horseradish | D56: Horseradish | E56: Vegetables and Ground Fruit | F56: Vegetable fresh or processing market
A57: 50 | B57: 1A | C57: Parsley, Turnip-Rooted | D57: Parsley, Turnip-Rooted | E57: Vegetables and Ground Fruit | F57: Vegetable fresh or processing market
A58: 51 | B58: 1A | C58: Parsnip | D58: Parsnip | E58: Vegetables and Ground Fruit | F58: Vegetable fresh or processing market
... A66: 59 | B66: 1A | C66: Turnip | D66: Turnip | E66: Vegetables and Ground Fruit | F66: Vegetable fresh or processing market
A67: 60 | B67: 1B | C67: 1B. Root vegetables | D67: 1B. Root vegetables (except sugar beet) subgroup | E67: #N/A | F67: Need constituent crops
A68: 61 | B68: 1B | C68: Beet, Garden | D68: Beet, Garden | E68: Vegetables and Ground Fruit | F68: Vegetable fresh or processing market
A69: 62 | B69: 1B | C69: Burdock, Edible | D69: Burdock, Edible | E69: Vegetables and Ground Fruit | F69: Vegetable fresh or processing market
A70: 63 | B70: 1B | C70: Carrot | D70: Carrot | E70: Vegetables and Ground Fruit | F70: Vegetable fresh or processing market
A71: 64 | B71: 1B | C71: Celeriac | D71: Celeriac | E71: Vegetables and Ground Fruit | F71: Vegetable fresh or processing market
A72: 65 | B72: 1B | C72: Chervil, Turnip-Rooted | D72: Chervil, Turnip-Rooted | E72: Vegetables and Ground Fruit | F72: Vegetable fresh or processing market
A73: 66 | B73: 1B | C73: Chicory | D73: Chicory | E73: Vegetables and Ground Fruit | F73: Vegetable fresh or processing market
A74: 67 | B74: 1B | C74: Ginseng | D74: Ginseng | E74: Vegetables and Ground Fruit | F74: Vegetable fresh or processing market
A75: 68 | B75: 1B | C75: Horseradish | D75: Horseradish | E75: Vegetables and Ground Fruit | F75: Vegetable fresh or processing market
A76: 69 | B76: 1B | C76: Parsley, Turnip-rooted | D76: Parsley, Turnip-rooted | E76: Vegetables and Ground Fruit | F76: Vegetable fresh or processing market
A77: 70 | B77: 1B | C77: Parsnip | D77: Parsnip | E77: Vegetables and Ground Fruit | F77: Vegetable fresh or processing market
A78: 71 | B78: 1B | C78: Radish | D78: Radish | E78: Vegetables and Ground Fruit | F78: Vegetable fresh or processing market
A79: 72 | B79: 1B | C79: Radish, Oriental | D79: Radish, Oriental (Daikon) | E79: Vegetables and Ground Fruit | F79: Vegetable fresh or processing market
... A85: 78 | B85: 1B | C85: Turnip | D85: Turnip | E85: Vegetables and Ground Fruit | F85: Vegetable fresh or processing market
A86: 79 | B86: 1C | C86: 1C. Tuberous and corm vegetables subgroup | D86: 1C. Tuberous and corm vegetables subgroup | E86: #N/A | F86: Need constituent crops
A87: 80 | B87: 1C | C87: Arracacha | D87: Arracacha | E87: Vegetables and Ground Fruit | F87: Vegetable fresh or processing market
A88: 81 | B88: 1C | C88: Arrowroot | D88: Arrowroot | E88: Vegetables and Ground Fruit | F88: Vegetable fresh or processing market
A89: 82 | B89: 1C | C89: Artichoke, Chinese | D89: Artichoke, Chinese | E89: Vegetables and Ground Fruit | F89: Vegetable fresh or processing market
A90: 83 | B90: 1C | C90: Artichoke, Jerusalem | D90: Artichoke, Jerusalem | E90: Vegetables and Ground Fruit | F90: Vegetable fresh or processing market
A91: 84 | B91: 1C | C91: Canna, Edible | D91: Canna, Edible | E91: Vegetables and Ground Fruit | F91: Vegetable fresh or processing market
A92: 85 | B92: 1C | C92: Cassava, Bitter And Sweet | D92: Cassava, Bitter And Sweet | E92: Vegetables and Ground Fruit | F92: Vegetable fresh or processing market
A93: 86 | B93: 1C | C93: Chayote | D93: Chayote (Root) | E93: Vegetables and Ground Fruit | F93: Vegetable fresh or processing market
A94: 87 | B94: 1C | C94: Chufa | D94: Chufa | E94: Vegetables and Ground Fruit | F94: Vegetable fresh or processing market
A95: 88 | B95: 1C | C95: Dasheen | D95: Dasheen | E95: Vegetables and Ground Fruit | F95: Vegetable fresh or processing market
A96: 89 | B96: 1C | C96: Ginger | D96: Ginger | E96: Vegetables and Ground Fruit | F96: Vegetable fresh or processing market
A97: 90 | B97: 1C | C97: Leren | D97: Leren | E97: Vegetables and Ground Fruit | F97: Vegetable fresh or processing market
A98: 91 | B98: 1C | C98: Potato | D98: Potato | E98: Vegetables and Ground Fruit | F98: Vegetable commodity
... A103: 96 | B103: 1C | C103: Yam, True | D103: Yam, True | E103: Vegetables and Ground Fruit | F103: Vegetable fresh or processing market
A104: 97 | B104: 1D | C104: 1D. Tuberous and corm vegetables | D104: 1D. Tuberous and corm vegetables (except potato) subgroup | E104: #N/A | F104: Need constituent crops
A105: 98 | B105: 1D | C105: Arracacha | D105: Arracacha | E105: Vegetables and Ground Fruit | F105: Vegetable fresh or processing market
A106: 99 | B106: 1D | C106: Arrowroot | D106: Arrowroot | E106: Vegetables and Ground Fruit | F106: Vegetable fresh or processing market
A107: 100 | B107: 1D | C107: Artichoke, Chinese | D107: Artichoke, Chinese | E107: Vegetables and Ground Fruit | F107: Vegetable fresh or processing market
A108: 101 | B108: 1D | C108: Artichoke, Jerusalem | D108: Artichoke, Jerusalem | E108: Vegetables and Ground Fruit | F108: Vegetable fresh or processing market
A109: 102 | B109: 1D | C109: Canna, Edible | D109: Canna, Edible | E109: Vegetables and Ground Fruit | F109: Vegetable fresh or processing market
A110: 103 | B110: 1D | C110: Cassava, Bitter and Sweet | D110: Cassava, Bitter and Sweet | E110: Vegetables and Ground Fruit | F110: Vegetable fresh or processing market
A111: 104 | B111: 1D | C111: Chayote | D111: Chayote (Root) | E111: Vegetables and Ground Fruit | F111: Vegetable fresh or processing market
A112: 105 | B112: 1D | C112: Chufa | D112: Chufa | E112: Vegetables and Ground Fruit | F112: Vegetable fresh or processing market
A113: 106 | B113: 1D | C113: Dasheen | D113: Dasheen (Taro) | E113: Vegetables and Ground Fruit | F113: Vegetable fresh or processing market
A114: 107 | B114: 1D | C114: Ginger | D114: Ginger | E114: Vegetables and Ground Fruit | F114: Vegetable fresh or processing market
A115: 108 | B115: 1D | C115: Leren | D115: Leren | E115: Vegetables and Ground Fruit | F115: Vegetable fresh or processing market
A116: 109 | B116: 1D | C116: Sweet Potato | D116: Sweet Potato | E116: Vegetables and Ground Fruit | F116: Vegetable commodity
... A120: 113 | B120: 1D | C120: Yam, True | D120: Yam, True | E120: Vegetables and Ground Fruit | F120: Vegetable fresh or processing market
A121: 114 | B121: 2 | C121: 2: Leaves of Root and Tuber Vegetables Group | D121: 2: Leaves of Root and Tuber Vegetables Group | E121: #N/A | F121: Need constituent crops
A122: 115 | B122: 2 | C122: Beet, Garden | D122: Beet, Garden | E122: Vegetables and Ground Fruit | F122: Vegetable fresh or processing market
A123: 116 | B123: 2 | C123: Beet, Sugar | D123: Beet, Sugar | E123: Other row crops | F123: Row or field crop
A124: 117 | B124: 2 | C124: Beet, Sugar, Seed | D124: Beet, Sugar, Seed | E124: Other row crops | F124: Row or field crop
A125: 118 | B125: 2 | C125: Burdock, Edible | D125: Burdock, Edible | E125: Vegetables and Ground Fruit | F125: Vegetable fresh or processing market
A126: 119 | B126: 2 | C126: Carrot | D126: Carrot | E126: Vegetables and Ground Fruit | F126: Vegetable fresh or processing market
A127: 120 | B127: 2 | C127: Cassava | D127: Cassava | E127: Vegetables and Ground Fruit | F127: Vegetable fresh or processing market
A128: 121 | B128: 2 | C128: Celeriac | D128: Celeriac | E128: Vegetables and Ground Fruit | F128: Vegetable fresh or processing market
A129: 122 | B129: 2 | C129: Chervil, Turnip | D129: Chervil, Turnip | E129: Vegetables and Ground Fruit | F129: Vegetable fresh or processing market
A130: 123 | B130: 2 | C130: Chicory | D130: Chicory | E130: Vegetables and Ground Fruit | F130: Vegetable fresh or processing market
A131: 124 | B131: 2 | C131: Dasheen | D131: Dasheen (Taro) | E131: Vegetables and Ground Fruit | F131: Vegetable fresh or processing market
A132: 125 | B132: 2 | C132: Parsnip | D132: Parsnip | E132: Vegetables and Ground Fruit | F132: Vegetable fresh or processing market
A133: 126 | B133: 2 | C133: Radish | D133: Radish | E133: Vegetables and Ground Fruit | F133: Vegetable fresh or processing market
... A140: 133 | B140: 2 | C140: Yam, True | D140: Yam, True | E140: Vegetables and Ground Fruit | F140: Vegetable fresh or processing market
A141: 134 | B141: 3-07 | C141: 3-07: Bulb Vegetable Group | D141: 3-07: Bulb Vegetable Group | E141: #N/A | F141: Need constituent crops
A142: 135 | B142: 3-07 | C142: Chive, fresh leaves | D142: Chive, fresh leaves (Allium schoenoprasum L.) | E142: Vegetables and Ground Fruit | F142: Vegetable fresh or processing market
A143: 136 | B143: 3-07 | C143: Chive, Chinese, fresh leaves | D143: Chive, Chinese, fresh leaves (Allium tuberosum Rottler ex Spreng) | E143: Vegetables and Ground Fruit | F143: Vegetable fresh or processing market
A144: 137 | B144: 3-07 | C144: Daylily, Bulb | D144: Daylily, Bulb | E144: Vegetables and Ground Fruit | F144: Vegetable fresh or processing market
A145: 138 | B145: 3-07 | C145: Elegans hosta | D145: Elegans hosta (Hosta Sieboldiana (Hook.) Engl) | E145: Vegetables and Ground Fruit | F145: Vegetable fresh or processing market
A146: 139 | B146: 3-07 | C146: Fritillaria, bulb | D146: Fritillaria, bulb (Fritillaria L. fritillary) | E146: Vegetables and Ground Fruit | F146: Vegetable fresh or processing market
A147: 140 | B147: 3-07 | C147: Fritillaria, leaves | D147: Fritillaria, leaves (Fritillaria L. fritillary) | E147: Vegetables and Ground Fruit | F147: Vegetable fresh or processing market
...

Sheet summary_TPEZ
A1: RUNOFF+DRIFT ASSUMPTION - Formatted entry of PWC Output for the WPEZ Medians (USED FOR RQs) | E1: RUNOFF ONLY (NO DRIFT) - Formatted entry of PWC Output for the WPEZ Medians (USED FOR MODs)
A2: Run Information | B2: lb/A | E2: Run Information | F2: lb/A
A3: 1_284802-23590-1_Corn-r01-A_USEPA Pond_0010_median | B3: 0.000897 | E3: 1_284802-23590-1_Corn-r01-A_USEPA Pond_0010_median | F3: 0.000897
A4: 1_282174-22397-1_Corn-r02-A_USEPA Pond_0010_median | B4: 0.0001911 | E4: 1_282174-22397-1_Corn-r02-A_USEPA Pond_0010_median | F4: 0.0001911
A5: 1_2493903-15051-1_Corn-r03N-A_USEPA Pond_0010_median | B5: 0.001085 | E5: 1_2493903-15051-1_Corn-r03N-A_USEPA Pond_0010_median | F5: 0.001085
A6: 1_125348-10792-1_Corn-r03S-A_USEPA Pond_0010_median | B6: 0.001668 | E6: 1_125348-10792-1_Corn-r03S-A_USEPA Pond_0010_median | F6: 0.001668
A7: 1_333066-12658-1_Corn-r03W-A_USEPA Pond_0010_median | B7: 0.001779 | E7: 1_333066-12658-1_Corn-r03W-A_USEPA Pond_0010_median | F7: 0.001779
A8: 1_169674-19520-1_Corn-r04-A_USEPA Pond_0010_median | B8: 0.0009003 | E8: 1_169674-19520-1_Corn-r04-A_USEPA Pond_0010_median | F8: 0.0009003
A9: 1_164805-19043-1_Corn-r05-A_USEPA Pond_0010_median | B9: 0.001202 | E9: 1_164805-19043-1_Corn-r05-A_USEPA Pond_0010_median | F9: 0.001202
A10: 1_522893-13848-1_Corn-r06-A_USEPA Pond_0010_median | B10: 0.0009048 | E10: 1_522893-13848-1_Corn-r06-A_USEPA Pond_0010_median | F10: 0.0009048
A11: 1_2765542-21371-1_Corn-r07-A_USEPA Pond_0010_median | B11: 0.001391 | E11: 1_2765542-21371-1_Corn-r07-A_USEPA Pond_0010_median | F11: 0.001391
A12: 1_568322-13597-1_Corn-r08-A_USEPA Pond_0010_median | B12: 0.0004379 | E12: 1_568322-13597-1_Corn-r08-A_USEPA Pond_0010_median | F12: 0.0004379
A13: 1_2798874-27020-1_Corn-r09-A_USEPA Pond_0010_median | B13: 0.00191 | E13: 1_2798874-27020-1_Corn-r09-A_USEPA Pond_0010_median | F13: 0.00191
A14: 1_1691426-20179-13_Corn-r10L-A_USEPA Pond_0010_median | B14: 0.0007045 | E14: 1_1691426-20179-13_Corn-r10L-A_USEPA Pond_0010_median | F14: 0.0007045
... A221: 18_397808-22314-12_Vegetable fresh or processing market-r07-A_USEPA Pond_0010_median | B221: 0.0144 | E221: 31_463577-14897-176_Pasture or forage-r18-A_USEPA Pond_0030_median | F221: 0.004517
A222: 18_1715900-13351-54_Vegetable fresh or processing market-r08-A_USEPA Pond_0010_median | B222: 0.01434
A223: 18_356962-25371-12_Vegetable fresh or processing market-r09-A_USEPA Pond_0010_median | B223: 0.01444
A224: 18_497748-19437-229_Vegetable fresh or processing market-r10L-A_USEPA Pond_0010_median | B224: 0.0145
A225: 18_2517301-22540-12_Vegetable fresh or processing market-r10U-A_USEPA Pond_0010_median | B225: 0.01441
A226: 18_382177-13799-57_Vegetable fresh or processing market-r11-A_USEPA Pond_0010_median | B226: 0.01389
A227: 18_373519-10262-57_Vegetable fresh or processing market-r12-A_USEPA Pond_0010_median | B227: 0.01399
A228: 18_58936-11176-216_Vegetable fresh or processing market-r13-A_USEPA Pond_0010_median | B228: 0.01427
A229: 18_508783-17536-12_Vegetable fresh or processing market-r14-A_USEPA Pond_0010_median | B229: 0.01445
A230: 18_53259-11846-227_Vegetable fresh or processing market-r15-A_USEPA Pond_0010_median | B230: 0.01423
A231: 18_473920-17256-208_Vegetable fresh or processing market-r16-A_USEPA Pond_0010_median | B231: 0.03095
A232: 18_68754-25749-12_Vegetable fresh or processing market-r17-A_USEPA Pond_0010_median | B232: 0.01446
A233: 18_455512-12315-12_Vegetable fresh or processing market-r18-A_USEPA Pond_0010_median | B233: 0.01438
... A415: 30_463577-14897-176_Pasture or forage-r18-A_USEPA Pond_0030_median | B415: 0.02892

Sheet summary_EPA Pond
A1: RUNOFF+DRIFT ASSUMPTION - Formatted entry of PWC Output for the Pond Medians (USED FOR RQs) | O1: RUNOFF ONLY (NO DRIFT) ASSUMPTION - Formatted entry of PWC Output for the Pond Medians (USED FOR MODs) | AR1: RUNOFF ONLY (NO DRIFT) ASSUMPTION | BU1: RUNOFF ONLY (WITH VOLATILITY) ASSUMPTION
A2: Benthic Conversion Factor = 99.38 -Pore water (ug/L) to (total mass | B2: ug)/(dry sed mass | C2: kg) | O2: Benthic Conversion Factor = 13.57 -Pore water (ug/L) to (total mass | P2: ug)/(dry sed mass | Q2: kg)
A3: Run Information | B3: 1-d avg | C3: 365-d avg | D3: Total avg | E3: 4-d avg | F3: 21-d avg | G3: 60-d avg | H3: B 1-day | I3: B 21-d avg | J3: post_bt_avg | K3: throughput | L3: GWpeak | O3: Run Information | P3: 1-d avg | Q3: 365-d avg | R3: Total avg | S3: 4-d avg | T3: 21-d avg | U3: 60-d avg | V3: B 1-day | W3: B 21-d avg | X3: post_bt_avg | Y3: throughput | Z3: GWpeak
A4: 1_284802-23590-1_Corn-r01-A_USEPA Pond_0010_median | B4: 17.13 | C4: 5.519 | D4: 2.616 | E4: 16.98 | F4: 16.11 | G4: 13.9 | H4: 9.026 | I4: 8.988 | J4: NaN | K4: 0.5912 | L4: 1.168e-07 | O4: 1_284802-23590-1_Corn-r01-A_USEPA Pond_0010_median | P4: 17.13 | Q4: 5.519 | R4: 2.616 | S4: 16.98 | T4: 16.11 | U4: 13.9 | V4: 9.026 | W4: 8.988 | X4: NaN | Y4: 0.5912 | Z4: 1.168e-07
A5: 1_282174-22397-1_Corn-r02-A_USEPA Pond_0010_median | B5: 8.715 | C5: 3.15 | D5: 1.179 | E5: 8.641 | F5: 8.172 | G5: 8.068 | H5: 5.468 | I5: 5.456 | J5: 4.377e-06 | K5: 1.329 | L5: 4.667e-06 | O5: 1_282174-22397-1_Corn-r02-A_USEPA Pond_0010_median | P5: 8.715 | Q5: 3.15 | R5: 1.179 | S5: 8.641 | T5: 8.172 | U5: 8.068 | V5: 5.468 | W5: 5.456 | X5: 4.377e-06 | Y5: 1.329 | Z5: 4.667e-06
A6: 1_2493903-15051-1_Corn-r03N-A_USEPA Pond_0010_median | B6: 8.231 | C6: 2.167 | D6: 0.7593 | E6: 8.145 | F6: 7.706 | G6: 6.705 | H6: 4.145 | I6: 4.127 | J6: 1.216e-06 | K6: 1.212 | L6: 1.363e-06 | O6: 1_2493903-15051-1_Corn-r03N-A_USEPA Pond_0010_median | P6: 8.231 | Q6: 2.167 | R6: 0.7593 | S6: 8.145 | T6: 7.706 | U6: 6.705 | V6: 4.145 | W6: 4.127 | X6: 1.216e-06 | Y6: 1.212 | Z6: 1.363e-06
A7: 1_125348-10792-1_Corn-r03S-A_USEPA Pond_0010_median | B7: 9.656 | C7: 2.036 | D7: 0.704 | E7: 9.549 | F7: 8.889 | G7: 7.23 | H7: 4.227 | I7: 4.203 | J7: 1.049e-06 | K7: 1.611 | L7: 1.978e-06 | O7: 1_125348-10792-1_Corn-r03S-A_USEPA Pond_0010_median | P7: 9.656 | Q7: 2.036 | R7: 0.704 | S7: 9.549 | T7: 8.889 | U7: 7.23 | V7: 4.227 | W7: 4.203 | X7: 1.049e-06 | Y7: 1.611 | Z7: 1.978e-06
A8: 1_333066-12658-1_Corn-r03W-A_USEPA Pond_0010_median | B8: 18.48 | C8: 4.265 | D8: 1.742 | E8: 18.22 | F8: 17.43 | G8: 14.75 | H8: 8.855 | I8: 8.808 | J8: 2.085e-05 | K8: 2.01 | L8: 4.001e-05 | O8: 1_333066-12658-1_Corn-r03W-A_USEPA Pond_0010_median | P8: 18.48 | Q8: 4.265 | R8: 1.742 | S8: 18.22 | T8: 17.43 | U8: 14.75 | V8: 8.855 | W8: 8.808 | X8: 2.085e-05 | Y8: 2.01 | Z8: 4.001e-05
A9: 1_169674-19520-1_Corn-r04-A_USEPA Pond_0010_median | B9: 15.19 | C9: 4.252 | D9: 1.964 | E9: 15.07 | F9: 14.31 | G9: 12.36 | H9: 7.755 | I9: 7.722 | J9: NaN | K9: 0.4648 | L9: 1.194e-09 | O9: 1_169674-19520-1_Corn-r04-A_USEPA Pond_0010_median | P9: 15.19 | Q9: 4.252 | R9: 1.964 | S9: 15.07 | T9: 14.31 | U9: 12.36 | V9: 7.755 | W9: 7.722 | X9: NaN | Y9: 0.4648 | Z9: 1.194e-09
A10: 1_164805-19043-1_Corn-r05-A_USEPA Pond_0010_median | B10: 6.116 | C10: 1.527 | D10: 0.6389 | E10: 6.05 | F10: 5.642 | G10: 4.725 | H10: 2.855 | I10: 2.874 | J10: NaN | K10: 0.9491 | L10: 4.488e-07 | O10: 1_164805-19043-1_Corn-r05-A_USEPA Pond_0010_median | P10: 6.116 | Q10: 1.527 | R10: 0.6389 | S10: 6.05 | T10: 5.642 | U10: 4.725 | V10: 2.855 | W10: 2.874 | X10: NaN | Y10: 0.9491 | Z10: 4.488e-07
A11: 1_522893-13848-1_Corn-r06-A_USEPA Pond_0010_median | B11: 13.78 | C11: 3.681 | D11: 1.317 | E11: 13.66 | F11: 13.22 | G11: 11.25 | H11: 7.01 | I11: 6.971 | J11: 1.588e-06 | K11: 2.109 | L11: 2.877e-06 | O11: 1_522893-13848-1_Corn-r06-A_USEPA Pond_0010_median | P11: 13.78 | Q11: 3.681 | R11: 1.317 | S11: 13.66 | T11: 13.22 | U11: 11.25 | V11: 7.01 | W11: 6.971 | X11: 1.588e-06 | Y11: 2.109 | Z11: 2.877e-06
A12: 1_2765542-21371-1_Corn-r07-A_USEPA Pond_0010_median | B12: 6.796 | C12: 1.983 | D12: 0.8371 | E12: 6.767 | F12: 6.504 | G12: 5.72 | H12: 3.626 | I12: 3.667 | J12: NaN | K12: 0.512 | L12: 3.784e-07 | O12: 1_2765542-21371-1_Corn-r07-A_USEPA Pond_0010_median | P12: 6.796 | Q12: 1.983 | R12: 0.8371 | S12: 6.767 | T12: 6.504 | U12: 5.72 | V12: 3.626 | W12: 3.667 | X12: NaN | Y12: 0.512 | Z12: 3.784e-07
A13: 1_568322-13597-1_Corn-r08-A_USEPA Pond_0010_median | B13: 18.7 | C13: 4.514 | D13: 1.83 | E13: 18.5 | F13: 17.68 | G13: 15.11 | H13: 9.44 | I13: 9.394 | J13: 3.816e-06 | K13: 1.125 | L13: 5.445e-06 | O13: 1_568322-13597-1_Corn-r08-A_USEPA Pond_0010_median | P13: 18.7 | Q13: 4.514 | R13: 1.83 | S13: 18.5 | T13: 17.68 | U13: 15.11 | V13: 9.44 | W13: 9.394 | X13: 3.816e-06 | Y13: 1.125 | Z13: 5.445e-06
A14: 1_2798874-27020-1_Corn-r09-A_USEPA Pond_0010_median | B14: 6.866 | C14: 2.102 | D14: 0.7515 | E14: 6.812 | F14: 6.482 | G14: 5.676 | H14: 3.575 | I14: 3.561 | J14: NaN | K14: 0.2369 | L14: 4.615e-11 | O14: 1_2798874-27020-1_Corn-r09-A_USEPA Pond_0010_median | P14: 6.866 | Q14: 2.102 | R14: 0.7515 | S14: 6.812 | T14: 6.482 | U14: 5.676 | V14: 3.575 | W14: 3.561 | X14: NaN | Y14: 0.2369 | Z14: 4.615e-11
A15: 1_1691426-20179-13_Corn-r10L-A_USEPA Pond_0010_median | B15: 9.337 | C15: 2.424 | D15: 0.8901 | E15: 9.228 | F15: 8.737 | G15: 7.452 | H15: 4.692 | I15: 4.667 | J15: NaN | K15: 0.3861 | L15: 2.766e-08 | O15: 1_1691426-20179-13_Corn-r10L-A_USEPA Pond_0010_median | P15: 9.337 | Q15: 2.424 | R15: 0.8901 | S15: 9.228 | T15: 8.737 | U15: 7.452 | V15: 4.692 | W15: 4.667 | X15: NaN | Y15: 0.3861 | Z15: 2.766e-08
A16: 1_418822-23009-1_Corn-r10U-A_USEPA Pond_0010_median | B16: 5.976 | C16: 1.748 | D16: 0.5308 | E16: 5.919 | F16: 5.618 | G16: 4.795 | H16: 3.159 | I16: 3.185 | J16: NaN | K16: 0.04494 | L16: 6.021e-21 | O16: 1_418822-23009-1_Corn-r10U-A_USEPA Pond_0010_median | P16: 5.976 | Q16: 1.748 | R16: 0.5308 | S16: 5.919 | T16: 5.618 | U16: 4.795 | V16: 3.159 | W16: 3.185 | X16: NaN | Y16: 0.04494 | Z16: 6.021e-21
A17: 1_1380629-16622-1_Corn-r11-A_USEPA Pond_0010_median | B17: 5.046 | C17: 1.164 | D17: 0.3795 | E17: 4.993 | F17: 4.771 | G17: 4.01 | H17: 2.38 | I17: 2.366 | J17: NaN | K17: 0.004943 | L17: 7.733e-30 | O17: 1_1380629-16622-1_Corn-r11-A_USEPA Pond_0010_median | P17: 5.046 | Q17: 1.164 | R17: 0.3795 | S17: 4.993 | T17: 4.771 | U17: 4.01 | V17: 2.38 | W17: 2.366 | X17: NaN | Y17: 0.004943 | Z17: 7.733e-30
A18: 1_372423-12152-1_Corn-r12-A_USEPA Pond_0010_median | B18: 7.012 | C18: 1.429 | D18: 0.5272 | E18: 6.913 | F18: 6.397 | G18: 5.309 | H18: 3.119 | I18: 3.102 | J18: NaN | K18: 0.3569 | L18: 2.116e-08 | O18: 1_372423-12152-1_Corn-r12-A_USEPA Pond_0010_median | P18: 7.012 | Q18: 1.429 | R18: 0.5272 | S18: 6.913 | T18: 6.397 | U18: 5.309 | V18: 3.119 | W18: 3.102 | X18: NaN | Y18: 0.3569 | Z18: 2.116e-08
A19: 1_55992-12595-237_Corn-r13-A_USEPA Pond_0010_median | B19: 0.2533 | C19: 0.07623 | D19: 0.03862 | E19: 0.2472 | F19: 0.2316 | G19: 0.2434 | H19: 0.2195 | I19: 0.2317 | J19: NaN | K19: 0.007153 | L19: 4.151e-38 | O19: 1_55992-12595-237_Corn-r13-A_USEPA Pond_0010_median | P19: 0.2533 | Q19: 0.07623 | R19: 0.03862 | S19: 0.2472 | T19: 0.2316 | U19: 0.2434 | V19: 0.2195 | W19: 0.2317 | X19: NaN | Y19: 0.007153 | Z19: 4.151e-38
A20: 1_506809-18005-1_Corn-r14-A_USEPA Pond_0010_median | B20: 2.502 | C20: 0.9707 | D20: 0.2878 | E20: 2.492 | F20: 2.397 | G20: 2.142 | H20: 1.862 | I20: 1.861 | J20: NaN | K20: 0.0101 | L20: 6.334e-33 | O20: 1_506809-18005-1_Corn-r14-A_USEPA Pond_0010_median | P20: 2.502 | Q20: 0.9707 | R20: 0.2878 | S20: 2.492 | T20: 2.397 | U20: 2.142 | V20: 1.862 | W20: 1.861 | X20: NaN | Y20: 0.0101 | Z20: 6.334e-33
A21: 1_54973-11158-226_Corn-r15-A_USEPA Pond_0010_median | B21: 0.09752 | C21: 0.0323 | D21: 0.01411 | E21: 0.09822 | F21: 0.101 | G21: 0.1135 | H21: 0.1091 | I21: 0.1159 | J21: NaN | K21: 0.001072 | L21: 3.371e-81 | O21: 1_54973-11158-226_Corn-r15-A_USEPA Pond_0010_median | P21: 0.09752 | Q21: 0.0323 | R21: 0.01411 | S21: 0.09822 | T21: 0.101 | U21: 0.1135 | V21: 0.1091 | W21: 0.1159 | X21: NaN | Y21: 0.001072 | Z21: 3.371e-81
A22: 1_481578-20116-1_Corn-r16-A_USEPA Pond_0010_median | B22: 9.264 | C22: 3.121 | D22: 0.9988 | E22: 9.222 | F22: 8.925 | G22: 8.132 | H22: 5.368 | I22: 5.346 | J22: NaN | K22: 0.08712 | L22: 4.817e-19 | O22: 1_481578-20116-1_Corn-r16-A_USEPA Pond_0010_median | P22: 9.264 | Q22: 3.121 | R22: 0.9988 | S22: 9.222 | T22: 8.925 | U22: 8.132 | V22: 5.368 | W22: 5.346 | X22: NaN | Y22: 0.08712 | Z22: 4.817e-19
A23: 1_69526-24571-1_Corn-r17-A_USEPA Pond_0010_median | B23: 0.3009 | C23: 0.1198 | D23: 0.04034 | E23: 0.298 | F23: 0.2822 | G23: 0.2517 | H23: 0.244 | I23: 0.2484 | J23: NaN | K23: 0.005415 | L23: 1.475e-38 | O23: 1_69526-24571-1_Corn-r17-A_USEPA Pond_0010_median | P23: 0.3009 | Q23: 0.1198 | R23: 0.04034 | S23: 0.298 | T23: 0.2822 | U23: 0.2517 | V23: 0.244 | W23: 0.2484 | X23: NaN | Y23: 0.005415 | Z23: 1.475e-38
A24: 1_467176-15131-225_Corn-r18-A_USEPA Pond_0010_median | B24: 8.02e-05 | C24: 2.095e-05 | D24: 1.465e-05 | E24: 7.884e-05 | F24: 7.316e-05 | G24: 5.784e-05 | H24: 3.564e-05 | I24: 3.679e-05 | J24: NaN | K24: 0.005805 | L24: 4.347e-42 | O24: 1_467176-15131-225_Corn-r18-A_USEPA Pond_0010_median | P24: 8.02e-05 | Q24: 2.095e-05 | R24: 1.465e-05 | S24: 7.884e-05 | T24: 7.316e-05 | U24: 5.784e-05 | V24: 3.564e-05 | W24: 3.679e-05 | X24: NaN | Y24: 0.005805 | Z24: 4.347e-42
A25: 2_284802-23590-1_Corn-r01-A_USEPA Pond_0010_median | B25: 19.06 | C25: 6.23 | D25: 3.337 | E25: 18.9 | F25: 17.99 | G25: 15.52 | H25: 10.12 | I25: 10.08 | J25: NaN | K25: 0.5912 | L25: 1.164e-07 | O25: 5_284802-23590-1_Corn-r01-A_USEPA Pond_0010_median | P25: 17.13 | Q25: 5.519 | R25: 2.616 | S25: 16.98 | T25: 16.11 | U25: 13.9 | V25: 9.026 | W25: 8.988 | X25: NaN | Y25: 0.5912 | Z25: 1.168e-07
A26: 2_282174-22397-1_Corn-r02-A_USEPA Pond_0010_median | B26: 10.74 | C26: 3.823 | D26: 1.86 | E26: 10.65 | F26: 10.07 | G26: 8.796 | H26: 6.416 | I26: 6.44 | J26: 4.358e-06 | K26: 1.329 | L26: 4.648e-06 | O26: 5_282174-22397-1_Corn-r02-A_USEPA Pond_0010_median | P26: 8.715 | Q26: 3.15 | R26: 1.179 | S26: 8.641 | T26: 8.172 | U26: 8.068 | V26: 5.468 | W26: 5.456 | X26: 4.377e-06 | Y26: 1.329 | Z26: 4.667e-06
A27: 2_2493903-15051-1_Corn-r03N-A_USEPA Pond_0010_median | B27: 10.03 | C27: 2.657 | D27: 1.262 | E27: 9.929 | F27: 9.385 | G27: 8.153 | H27: 5.067 | I27: 5.045 | J27: 1.211e-06 | K27: 1.212 | L27: 1.358e-06 | O27: 5_2493903-15051-1_Corn-r03N-A_USEPA Pond_0010_median | P27: 8.231 | Q27: 2.167 | R27: 0.7593 | S27: 8.145 | T27: 7.706 | U27: 6.705 | V27: 4.145 | W27: 4.127 | X27: 1.216e-06 | Y27: 1.212 | Z27: 1.363e-06
A28: 2_125348-10792-1_Corn-r03S-A_USEPA Pond_0010_median | B28: 11.41 | C28: 2.413 | D28: 1.086 | E28: 11.26 | F28: 10.45 | G28: 8.495 | H28: 5.016 | I28: 4.987 | J28: 1.044e-06 | K28: 1.611 | L28: 1.969e-06 | O28: 5_125348-10792-1_Corn-r03S-A_USEPA Pond_0010_median | P28: 9.656 | Q28: 2.036 | R28: 0.704 | S28: 9.549 | T28: 8.889 | U28: 7.23 | V28: 4.227 | W28: 4.203 | X28: 1.049e-06 | Y28: 1.611 | Z28: 1.978e-06
A29: 2_333066-12658-1_Corn-r03W-A_USEPA Pond_0010_median | B29: 20.18 | C29: 4.669 | D29: 2.16 | E29: 19.89 | F29: 18.98 | G29: 16.05 | H29: 9.666 | I29: 9.615 | J29: 2.076e-05 | K29: 2.01 | L29: 3.984e-05 | O29: 5_333066-12658-1_Corn-r03W-A_USEPA Pond_0010_median | P29: 18.48 | Q29: 4.265 | R29: 1.742 | S29: 18.22 | T29: 17.43 | U29: 14.75 | V29: 8.855 | W29: 8.808 | X29: 2.085e-05 | Y29: 2.01 | Z29: 4.001e-05
A30: 2_169674-19520-1_Corn-r04-A_USEPA Pond_0010_median | B30: 17 | C30: 4.761 | D30: 2.501 | E30: 16.81 | F30: 16.02 | G30: 13.83 | H30: 8.688 | I30: 8.651 | J30: NaN | K30: 0.4648 | L30: 1.189e-09 | O30: 5_169674-19520-1_Corn-r04-A_USEPA Pond_0010_median | P30: 15.19 | Q30: 4.252 | R30: 1.964 | S30: 15.07 | T30: 14.31 | U30: 12.36 | V30: 7.755 | W30: 7.722 | X30: NaN | Y30: 0.4648 | Z30: 1.194e-09
A31: 2_164805-19043-1_Corn-r05-A_USEPA Pond_0010_median | B31: 7.99 | C31: 2.037 | D31: 1.151 | E31: 7.893 | F31: 7.348 | G31: 6.151 | H31: 3.789 | I31: 3.772 | J31: NaN | K31: 0.9491 | L31: 4.469e-07 | O31: 5_164805-19043-1_Corn-r05-A_USEPA Pond_0010_median | P31: 6.116 | Q31: 1.527 | R31: 0.6389 | S31: 6.05 | T31: 5.642 | U31: 4.725 | V31: 2.855 | W31: 2.874 | X31: NaN | Y31: 0.9491 | Z31: 4.488e-07
A32: 2_522893-13848-1_Corn-r06-A_USEPA Pond_0010_median | B32: 15.57 | C32: 4.146 | D32: 1.785 | E32: 15.43 | F32: 14.91 | G32: 12.67 | H32: 7.896 | I32: 7.852 | J32: 1.582e-06 | K32: 2.109 | L32: 2.865e-06 | O32: 5_522893-13848-1_Corn-r06-A_USEPA Pond_0010_median | P32: 13.78 | Q32: 3.681 | R32: 1.317 | S32: 13.66 | T32: 13.22 | U32: 11.25 | V32: 7.01 | W32: 6.971 | X32: 1.588e-06 | Y32: 2.109 | Z32: 2.877e-06
A33: 2_2765542-21371-1_Corn-r07-A_USEPA Pond_0010_median | B33: 8.666 | C33: 2.543 | D33: 1.419 | E33: 8.572 | F33: 8.291 | G33: 7.253 | H33: 4.555 | I33: 4.636 | J33: NaN | K33: 0.512 | L33: 3.768e-07 | O33: 5_2765542-21371-1_Corn-r07-A_USEPA Pond_0010_median | P33: 6.796 | Q33: 1.983 | R33: 0.8371 | S33: 6.767 | T33: 6.504 | U33: 5.72 | V33: 3.626 | W33: 3.667 | X33: NaN | Y33: 0.512 | Z33: 3.784e-07
A34: 2_568322-13597-1_Corn-r08-A_USEPA Pond_0010_median | B34: 20.35 | C34: 4.942 | D34: 2.26 | E34: 20.22 | F34: 19.29 | G34: 16.45 | H34: 10.32 | I34: 10.27 | J34: 3.8e-06 | K34: 1.125 | L34: 5.421e-06 | O34: 5_568322-13597-1_Corn-r08-A_USEPA Pond_0010_median | P34: 18.7 | Q34: 4.514 | R34: 1.83 | S34: 18.5 | T34: 17.68 | U34: 15.11 | V34: 9.44 | W34: 9.394 | X34: 3.816e-06 | Y34: 1.125 | Z34: 5.445e-06
A35: 2_2798874-27020-1_Corn-r09-A_USEPA Pond_0010_median | B35: 8.902 | C35: 2.831 | D35: 1.477 | E35: 8.832 | F35: 8.405 | G35: 7.361 | H35: 4.771 | I35: 4.752 | J35: NaN | K35: 0.2369 | L35: 4.595e-11 | O35: 5_2798874-27020-1_Corn-r09-A_USEPA Pond_0010_median | P35: 6.866 | Q35: 2.102 | R35: 0.7515 | S35: 6.812 | T35: 6.482 | U35: 5.676 | V35: 3.575 | W35: 3.561 | X35: NaN | Y35: 0.2369 | Z35: 4.615e-11
A36: 2_1691426-20179-13_Corn-r10L-A_USEPA Pond_0010_median | B36: 11.15 | C36: 2.924 | D36: 1.409 | E36: 11.02 | F36: 10.45 | G36: 8.894 | H36: 5.467 | I36: 5.436 | J36: NaN | K36: 0.3861 | L36: 2.754e-08 | O36: 5_1691426-20179-13_Corn-r10L-A_USEPA Pond_0010_median | P36: 9.337 | Q36: 2.424 | R36: 0.8901 | S36: 9.228 | T36: 8.737 | U36: 7.452 | V36: 4.692 | W36: 4.667 | X36: NaN | Y36: 0.3861 | Z36: 2.766e-08
A37: 2_418822-23009-1_Corn-r10U-A_USEPA Pond_0010_median | B37: 7.864 | C37: 2.32 | D37: 1.118 | E37: 7.789 | F37: 7.392 | G37: 6.308 | H37: 4.026 | I37: 4.006 | J37: NaN | K37: 0.04494 | L37: 5.996e-21 | O37: 5_418822-23009-1_Corn-r10U-A_USEPA Pond_0010_median | P37: 5.976 | Q37: 1.748 | R37: 0.5308 | S37: 5.919 | T37: 5.618 | U37: 4.795 | V37: 3.159 | W37: 3.185 | X37: NaN | Y37: 0.04494 | Z37: 6.021e-21
A38: 2_1380629-16622-1_Corn-r11-A_USEPA Pond_0010_median | B38: 6.822 | C38: 1.61 | D38: 0.8006 | E38: 6.75 | F38: 6.419 | G38: 5.387 | H38: 3.265 | I38: 3.247 | J38: NaN | K38: 0.004943 | L38: 7.7e-30 | O38: 5_1380629-16622-1_Corn-r11-A_USEPA Pond_0010_median | P38: 5.046 | Q38: 1.164 | R38: 0.3795 | S38: 4.993 | T38: 4.771 | U38: 4.01 | V38: 2.38 | W38: 2.366 | X38: NaN | Y38: 0.004943 | Z38: 7.733e-30
A39: 2_372423-12152-1_Corn-r12-A_USEPA Pond_0010_median | B39: 8.773 | C39: 1.788 | D39: 0.9027 | E39: 8.65 | F39: 8 | G39: 6.633 | H39: 3.919 | I39: 3.897 | J39: NaN | K39: 0.3569 | L39: 2.107e-08 | O39: 5_372423-12152-1_Corn-r12-A_USEPA Pond_0010_median | P39: 7.012 | Q39: 1.429 | R39: 0.5272 | S39: 6.913 | T39: 6.397 | U39: 5.309 | V39: 3.119 | W39: 3.102 | X39: NaN | Y39: 0.3569 | Z39: 2.116e-08
A40: 2_55992-12595-237_Corn-r13-A_USEPA Pond_0010_median | B40: 1.944 | C40: 0.416 | D40: 0.3856 | E40: 1.907 | F40: 1.711 | G40: 1.296 | H40: 0.7816 | I40: 0.7765 | J40: NaN | K40: 0.007153 | L40: 4.134e-38 | O40: 5_55992-12595-237_Corn-r13-A_USEPA Pond_0010_median | P40: 0.2533 | Q40: 0.07623 | R40: 0.03862 | S40: 0.2472 | T40: 0.2316 | U40: 0.2434 | V40: 0.2195 | W40: 0.2317 | X40: NaN | Y40: 0.007153 | Z40: 4.151e-38
A41: 2_506809-18005-1_Corn-r14-A_USEPA Pond_0010_median | B41: 4.555 | C41: 1.832 | D41: 1.089 | E41: 4.531 | F41: 4.375 | G41: 3.952 | H41: 2.798 | I41: 2.844 | J41: NaN | K41: 0.0101 | L41: 6.307e-33 | O41: 5_506809-18005-1_Corn-r14-A_USEPA Pond_0010_median | P41: 2.502 | Q41: 0.9707 | R41: 0.2878 | S41: 2.492 | T41: 2.397 | U41: 2.142 | V41: 1.862 | W41: 1.861 | X41: NaN | Y41: 0.0101 | Z41: 6.334e-33
A42: 2_54973-11158-226_Corn-r15-A_USEPA Pond_0010_median | B42: 1.844 | C42: 0.3728 | D42: 0.3537 | E42: 1.812 | F42: 1.643 | G42: 1.263 | H42: 0.742 | I42: 0.7368 | J42: NaN | K42: 0.001072 | L42: 3.357e-81 | O42: 5_54973-11158-226_Corn-r15-A_USEPA Pond_0010_median | P42: 0.09752 | Q42: 0.0323 | R42: 0.01411 | S42: 0.09822 | T42: 0.101 | U42: 0.1135 | V42: 0.1091 | W42: 0.1159 | X42: NaN | Y42: 0.001072 | Z42: 3.371e-81
A43: 2_481578-20116-1_Corn-r16-A_USEPA Pond_0010_median | B43: 11.3 | C43: 3.94 | D43: 1.734 | E43: 11.25 | F43: 10.91 | G43: 9.892 | H43: 6.627 | I43: 6.599 | J43: NaN | K43: 0.08712 | L43: 4.796e-19 | O43: 5_481578-20116-1_Corn-r16-A_USEPA Pond_0010_median | P43: 9.264 | Q43: 3.121 | R43: 0.9988 | S43: 9.222 | T43: 8.925 | U43: 8.132 | V43: 5.368 | W43: 5.346 | X43: NaN | Y43: 0.08712 | Z43: 4.817e-19
A44: 2_69526-24571-1_Corn-r17-A_USEPA Pond_0010_median | B44: 2.266 | C44: 0.8381 | D44: 0.7856 | E44: 2.248 | F44: 2.153 | G44: 1.923 | H44: 1.319 | I44: 1.315 | J44: NaN | K44: 0.005415 | L44: 1.469e-38 | O44: 5_69526-24571-1_Corn-r17-A_USEPA Pond_0010_median | P44: 0.3009 | Q44: 0.1198 | R44: 0.04034 | S44: 0.298 | T44: 0.2822 | U44: 0.2517 | V44: 0.244 | W44: 0.2484 | X44: NaN | Y44: 0.005415 | Z44: 1.475e-38
A45: 2_467176-15131-225_Corn-r18-A_USEPA Pond_0010_median | B45: 1.906 | C45: 0.512 | D45: 0.4711 | E45: 1.881 | F45: 1.734 | G45: 1.414 | H45: 0.8762 | I45: 0.8718 | J45: NaN | K45: 0.005805 | L45: 4.329e-42 | O45: 5_467176-15131-225_Corn-r18-A_USEPA Pond_0010_median | P45: 8.02e-05 | Q45: 2.095e-05 | R45: 1.465e-05 | S45: 7.884e-05 | T45: 7.316e-05 | U45: 5.784e-05 | V45: 3.564e-05 | W45: 3.679e-05 | X45: NaN | Y45: 0.005805 | Z45: 4.347e-42
A46: 3_284802-23590-1_Corn-r01-A_USEPA Pond_0010_median | B46: 17.88 | C46: 5.795 | D46: 2.896 | E46: 17.73 | F46: 16.84 | G46: 14.53 | H46: 9.452 | I46: 9.411 | J46: NaN | K46: 0.5912 | L46: 1.167e-07 | O46: 8_290662-20742-26_Soybean-r01-A_USEPA Pond_0076_median | P46: 20.79 | Q46: 6.758 | R46: 3.908 | S46: 20.46 | T46: 18.74 | U46: 16.34 | V46: 11.5 | W46: 11.73 | X46: 0.0005022 | Y46: 1.562 | Z46: 0.0006705
A47: 3_282174-22397-1_Corn-r02-A_USEPA Pond_0010_median | B47: 9.5 | C47: 3.411 | D47: 1.443 | E47: 9.419 | F47: 8.907 | G47: 8.387 | H47: 5.814 | I47: 5.843 | J47: 4.37e-06 | K47: 1.329 | L47: 4.66e-06 | O47: 8_1606194-18138-5_Soybean-r02-A_USEPA Pond_0076_median | P47: 28.11 | Q47: 7.732 | R47: 4.493 | S47: 27.62 | T47: 24.9 | U47: 20.94 | V47: 15.46 | W47: 15.43 | X47: 3.596e-05 | Y47: 1.268 | Z47: 3.785e-05
A48: 3_2493903-15051-1_Corn-r03N-A_USEPA Pond_0010_median | B48: 8.929 | C48: 2.357 | D48: 0.9542 | E48: 8.837 | F48: 8.357 | G48: 7.266 | H48: 4.502 | I48: 4.483 | J48: 1.214e-06 | K48: 1.212 | L48: 1.361e-06 | O48: 8_114323-14827-5_Soybean-r03N-A_USEPA Pond_0076_median | P48: 24.6 | Q48: 5.891 | R48: 3.122 | S48: 24.08 | T48: 21.45 | U48: 17.73 | V48: 10.61 | W48: 11.02 | X48: 4.332e-05 | Y48: 1.707 | Z48: 7.109e-05
A49: 3_125348-10792-1_Corn-r03S-A_USEPA Pond_0010_median | B49: 10.34 | C49: 2.182 | D49: 0.8521 | E49: 10.2 | F49: 9.493 | G49: 7.721 | H49: 4.533 | I49: 4.507 | J49: 1.047e-06 | K49: 1.611 | L49: 1.974e-06 | O49: 8_325092-11970-5_Soybean-r03S-A_USEPA Pond_0076_median | P49: 11.23 | Q49: 2.665 | R49: 1.455 | S49: 11.06 | T49: 9.879 | U49: 7.885 | V49: 5.324 | W49: 5.332 | X49: 1.339e-05 | Y49: 1.714 | Z49: 2.843e-05
A50: 3_333066-12658-1_Corn-r03W-A_USEPA Pond_0010_median | B50: 19.14 | C50: 4.422 | D50: 1.904 | E50: 18.87 | F50: 18.03 | G50: 15.25 | H50: 9.17 | I50: 9.121 | J50: 2.081e-05 | K50: 2.01 | L50: 3.995e-05 | O50: 8_333014-13366-5_Soybean-r03W-A_USEPA Pond_0076_median | P50: 29.51 | Q50: 6.224 | R50: 3.195 | S50: 28.84 | T50: 25.67 | U50: 19.53 | V50: 12.07 | W50: 12 | X50: 4.627e-06 | Y50: 1.61 | Z50: 1.055e-05
A51: 3_169674-19520-1_Corn-r04-A_USEPA Pond_0010_median | B51: 15.89 | C51: 4.452 | D51: 2.172 | E51: 15.74 | F51: 14.98 | G51: 12.93 | H51: 8.116 | I51: 8.082 | J51: NaN | K51: 0.4648 | L51: 1.192e-09 | O51: 8_423263-22330-5_Soybean-r04-A_USEPA Pond_0076_median | P51: 21.8 | Q51: 7.45 | R51: 3.589 | S51: 21.54 | T51: 19.64 | U51: 17.94 | V51: 12.06 | W51: 12.02 | X51: NaN | Y51: 0.6235 | Z51: 3.981e-06
A52: 3_164805-19043-1_Corn-r05-A_USEPA Pond_0010_median | B52: 6.834 | C52: 1.73 | D52: 0.8373 | E52: 6.756 | F52: 6.3 | G52: 5.278 | H52: 3.215 | I52: 3.201 | J52: NaN | K52: 0.9491 | L52: 4.48e-07 | O52: 8_163010-18801-5_Soybean-r05-A_USEPA Pond_0076_median | P52: 18.62 | Q52: 5.309 | R52: 2.726 | S52: 18.24 | T52: 16.56 | U52: 13.68 | V52: 8.959 | W52: 8.931 | X52: NaN | Y52: 0.9624 | Z52: 4.515e-06
A53: 3_522893-13848-1_Corn-r06-A_USEPA Pond_0010_median | B53: 14.48 | C53: 3.861 | D53: 1.499 | E53: 14.34 | F53: 13.88 | G53: 11.8 | H53: 7.354 | I53: 7.313 | J53: 1.586e-06 | K53: 2.109 | L53: 2.872e-06 | O53: 8_1597339-15962-5_Soybean-r06-A_USEPA Pond_0076_median | P53: 20.43 | Q53: 5.102 | R53: 2.616 | S53: 19.95 | T53: 18 | U53: 14.19 | V53: 9.686 | W53: 9.897 | X53: 4.269e-05 | Y53: 1.575 | Z53: 5.472e-05
A54: 3_2765542-21371-1_Corn-r07-A_USEPA Pond_0010_median | B54: 7.549 | C54: 2.203 | D54: 1.063 | E54: 7.477 | F54: 7.197 | G54: 6.315 | H54: 4.035 | I54: 4.017 | J54: NaN | K54: 0.512 | L54: 3.778e-07 | O54: 8_1585999-21611-5_Soybean-r07-A_USEPA Pond_0076_median | P54: 22.92 | Q54: 7.376 | R54: 3.798 | S54: 22.52 | T54: 20.87 | U54: 17.15 | V54: 11.85 | W54: 11.88 | X54: NaN | Y54: 0.9022 | Z54: 7.451e-06
A55: 3_568322-13597-1_Corn-r08-A_USEPA Pond_0010_median | B55: 19.34 | C55: 4.68 | D55: 1.996 | E55: 19.17 | F55: 18.3 | G55: 15.63 | H55: 9.781 | I55: 9.734 | J55: 3.81e-06 | K55: 1.125 | L55: 5.436e-06 | O55: 8_564088-14065-5_Soybean-r08-A_USEPA Pond_0076_median | P55: 26.17 | Q55: 6.15 | R55: 3.854 | S55: 25.49 | T55: 23.07 | U55: 18.35 | V55: 11.18 | W55: 11.23 | X55: 2.7e-06 | Y55: 1.043 | Z55: 2.812e-06
A56: 3_2798874-27020-1_Corn-r09-A_USEPA Pond_0010_median | B56: 7.655 | C56: 2.396 | D56: 1.033 | E56: 7.595 | F56: 7.227 | G56: 6.329 | H56: 4.038 | I56: 4.022 | J56: NaN | K56: 0.2369 | L56: 4.607e-11 | O56: 8_2585754-26533-5_Soybean-r09-A_USEPA Pond_0076_median | P56: 10.27 | Q56: 3.583 | R56: 1.687 | S56: 10.24 | T56: 9.654 | U56: 8.01 | V56: 5.867 | W56: 5.883 | X56: NaN | Y56: 0.04513 | Z56: 8.489e-21
A57: 3_1691426-20179-13_Corn-r10L-A_USEPA Pond_0010_median | B57: 10.04 | C57: 2.624 | D57: 1.091 | E57: 9.922 | F57: 9.401 | G57: 8.011 | H57: 4.909 | I57: 5.031 | J57: NaN | K57: 0.3861 | L57: 2.761e-08 | O57: 8_1700092-19697-5_Soybean-r10L-A_USEPA Pond_0076_median | P57: 15.06 | Q57: 3.723 | R57: 1.685 | S57: 14.73 | T57: 13.14 | U57: 10.48 | V57: 6.873 | W57: 6.833 | X57: NaN | Y57: 0.1028 | Z57: 1.379e-17
A58: 3_418822-23009-1_Corn-r10U-A_USEPA Pond_0010_median | B58: 6.708 | C58: 1.97 | D58: 0.7579 | E58: 6.643 | F58: 6.305 | G58: 5.381 | H58: 3.396 | I58: 3.488 | J58: NaN | K58: 0.04494 | L58: 6.011e-21 | O58: 8_2573568-25127-5_Soybean-r10U-A_USEPA Pond_0076_median | P58: 7.496 | Q58: 2.55 | R58: 1.087 | S58: 7.383 | T58: 7.163 | U58: 6.323 | V58: 4.425 | W58: 4.469 | X58: NaN | Y58: 0.1256 | Z58: 5.344e-14
A59: 3_1380629-16622-1_Corn-r11-A_USEPA Pond_0010_median | B59: 5.735 | C59: 1.337 | D59: 0.5428 | E59: 5.674 | F59: 5.41 | G59: 4.544 | H59: 2.722 | I59: 2.707 | J59: NaN | K59: 0.004943 | L59: 7.72e-30 | O59: 8_1155440-16870-254_Soybean-r11-A_USEPA Pond_0076_median | P59: 23.49 | Q59: 5.319 | R59: 2.693 | S59: 22.89 | T59: 20.14 | U59: 15.7 | V59: 10.44 | W59: 10.44 | X59: NaN | Y59: 0.3152 | Z59: 3.088e-11
A60: 3_372423-12152-1_Corn-r12-A_USEPA Pond_0010_median | B60: 7.695 | C60: 1.568 | D60: 0.6728 | E60: 7.587 | F60: 7.019 | G60: 5.822 | H60: 3.429 | I60: 3.41 | J60: NaN | K60: 0.3569 | L60: 2.112e-08 | O60: 8_373259-8851-5_Soybean-r12-A_USEPA Pond_0076_median | P60: 26 | Q60: 4.394 | R60: 2.142 | S60: 25.26 | T60: 22.1 | U60: 16.47 | V60: 9.565 | W60: 9.559 | X60: NaN | Y60: 0.8225 | Z60: 9.596e-07
A61: 3_55992-12595-237_Corn-r13-A_USEPA Pond_0010_median | B61: 0.8627 | C61: 0.2033 | D61: 0.1731 | E61: 0.8427 | F61: 0.7495 | G61: 0.6051 | H61: 0.4289 | I61: 0.4555 | J61: NaN | K61: 0.007153 | L61: 4.144e-38 | O61: 8_363659-5778-5_Soybean-r13-A_USEPA Pond_0076_median | P61: 19.37 | Q61: 3.589 | R61: 1.568 | S61: 18.86 | T61: 16.3 | U61: 13.21 | V61: 8.544 | W61: 8.485 | X61: NaN | Y61: 0.7116 | Z61: 2.22e-06
A62: 3_506809-18005-1_Corn-r14-A_USEPA Pond_0010_median | B62: 3.235 | C62: 1.305 | D62: 0.5984 | E62: 3.224 | F62: 3.167 | G62: 2.831 | H62: 2.246 | I62: 2.3 | J62: NaN | K62: 0.0101 | L62: 6.323e-33 | O62: 8_508783-17536-5_Soybean-r14-A_USEPA Pond_0076_median | P62: 3.91 | Q62: 1.693 | R62: 0.7118 | S62: 3.855 | T62: 3.675 | U62: 3.447 | V62: 2.896 | W62: 2.924 | X62: NaN | Y62: 0.008924 | Z62: 5.441e-32
A63: 3_54973-11158-226_Corn-r15-A_USEPA Pond_0010_median | B63: 0.7451 | C63: 0.1578 | D63: 0.1463 | E63: 0.7322 | F63: 0.6545 | G63: 0.4997 | H63: 0.296 | I63: 0.2939 | J63: NaN | K63: 0.001072 | L63: 3.365e-81 | O63: 8_144849-26715-5_Soybean-r17-A_USEPA Pond_0076_median | P63: 2.365 | Q63: 1.032 | R63: 0.4119 | S63: 2.347 | T63: 2.254 | U63: 2.115 | V63: 1.669 | W63: 1.69 | X63: NaN | Y63: 0.4638 | Z63: 7.332e-06
A64: 3_481578-20116-1_Corn-r16-A_USEPA Pond_0010_median | B64: 10.06 | C64: 3.438 | D64: 1.283 | E64: 10.02 | F64: 9.696 | G64: 8.824 | H64: 5.855 | I64: 5.832 | J64: NaN | K64: 0.08712 | L64: 4.809e-19 | O64: 12_286087-20273-68_Orchard deciduous-r01-A_USEPA Pond_0089_median | P64: 5.75 | Q64: 1.499 | R64: 0.6364 | S64: 5.687 | T64: 5.264 | U64: 4.348 | V64: 2.783 | W64: 2.793 | X64: 0.000755 | Y64: 2.327 | Z64: 0.001292
A65: 3_69526-24571-1_Corn-r17-A_USEPA Pond_0010_median | B65: 1.042 | C65: 0.3957 | D65: 0.3297 | E65: 1.033 | F65: 0.9874 | G65: 0.881 | H65: 0.6073 | I65: 0.6055 | J65: NaN | K65: 0.005415 | L65: 1.473e-38 | O65: 12_295501-20504-68_Orchard deciduous-r02-A_USEPA Pond_0089_median | P65: 6.757 | Q65: 2.08 | R65: 1.091 | S65: 6.655 | T65: 6.265 | U65: 5.292 | V65: 3.552 | W65: 3.618 | X65: 6.602e-05 | Y65: 1.495 | Z65: 7.599e-05
A66: 3_467176-15131-225_Corn-r18-A_USEPA Pond_0010_median | B66: 0.7391 | C66: 0.1985 | D66: 0.1827 | E66: 0.7292 | F66: 0.6723 | G66: 0.5483 | H66: 0.3397 | I66: 0.338 | J66: NaN | K66: 0.005805 | L66: 4.34e-42 | O66: 12_130628-13873-74_Orchard deciduous-r03N-A_USEPA Pond_0089_median | P66: 3.105 | Q66: 0.6456 | R66: 0.2394 | S66: 3.032 | T66: 2.705 | U66: 2.107 | V66: 1.322 | W66: 1.342 | X66: 2.787e-05 | Y66: 1.829 | Z66: 3.504e-05
A67: 4_284802-23590-1_Corn-r01-A_USEPA Pond_0010_median | B67: 19.02 | C67: 6.214 | D67: 3.321 | E67: 18.86 | F67: 17.95 | G67: 15.49 | H67: 10.1 | I67: 10.06 | J67: NaN | K67: 0.5912 | L67: 1.164e-07 | O67: 12_125133-11268-74_Orchard deciduous-r03S-A_USEPA Pond_0089_median | P67: 0.6899 | Q67: 0.1344 | R67: 0.04947 | S67: 0.6731 | T67: 0.589 | U67: 0.516 | V67: 0.3616 | W67: 0.3619 | X67: 2.708e-05 | Y67: 1.837 | Z67: 5.905e-05
A68: 4_282174-22397-1_Corn-r02-A_USEPA Pond_0010_median | B68: 10.7 | C68: 3.809 | D68: 1.845 | E68: 10.6 | F68: 10.03 | G68: 8.782 | H68: 6.395 | I68: 6.418 | J68: 4.359e-06 | K68: 1.329 | L68: 4.648e-06 | O68: 12_2455410-11258-67_Orchard deciduous-r03W-A_USEPA Pond_0089_median | P68: 0.6498 | Q68: 0.123 | R68: 0.04852 | S68: 0.64 | T68: 0.5784 | U68: 0.4596 | V68: 0.31 | W68: 0.3127 | X68: 1.739e-05 | Y68: 1.498 | Z68: 4.484e-05
A69: 4_2493903-15051-1_Corn-r03N-A_USEPA Pond_0010_median | B69: 9.995 | C69: 2.646 | D69: 1.251 | E69: 9.89 | F69: 9.349 | G69: 8.121 | H69: 5.047 | I69: 5.025 | J69: 1.211e-06 | K69: 1.212 | L69: 1.358e-06 | O69: 12_292675-21905-68_Orchard deciduous-r04-A_USEPA Pond_0089_median | P69: 2.065 | Q69: 0.6769 | R69: 0.2623 | S69: 2.034 | T69: 1.93 | U69: 1.685 | V69: 1.171 | W69: 1.18 | X69: NaN | Y69: 0.6811 | Z69: 1.097e-05
A70: 4_125348-10792-1_Corn-r03S-A_USEPA Pond_0010_median | B70: 11.37 | C70: 2.405 | D70: 1.078 | E70: 11.22 | F70: 10.41 | G70: 8.468 | H70: 4.999 | I70: 4.97 | J70: 1.045e-06 | K70: 1.611 | L70: 1.969e-06 | O70: 12_298742-19770-68_Orchard deciduous-r05-A_USEPA Pond_0089_median | P70: 2.506 | Q70: 0.7632 | R70: 0.3096 | S70: 2.464 | T70: 2.241 | U70: 1.873 | V70: 1.473 | W70: 1.5 | X70: NaN | Y70: 0.6242 | Z70: 2.604e-07
A71: 4_333066-12658-1_Corn-r03W-A_USEPA Pond_0010_median | B71: 20.15 | C71: 4.66 | D71: 2.151 | E71: 19.86 | F71: 18.95 | G71: 16.02 | H71: 9.648 | I71: 9.597 | J71: 2.076e-05 | K71: 2.01 | L71: 3.985e-05 | O71: 12_546865-14571-68_Orchard deciduous-r06-A_USEPA Pond_0089_median | P71: 4.412 | Q71: 0.9936 | R71: 0.3827 | S71: 4.343 | T71: 4.004 | U71: 3.235 | V71: 2.096 | W71: 2.12 | X71: 5.203e-05 | Y71: 2.223 | Z71: 9.593e-05
A72: 4_169674-19520-1_Corn-r04-A_USEPA Pond_0010_median | B72: 16.96 | C72: 4.75 | D72: 2.49 | E72: 16.77 | F72: 15.99 | G72: 13.8 | H72: 8.667 | I72: 8.631 | J72: NaN | K72: 0.4648 | L72: 1.189e-09 | O72: 12_396439-23493-68_Orchard deciduous-r07-A_USEPA Pond_0089_median | P72: 3.574 | Q72: 1.117 | R72: 0.5105 | S72: 3.517 | T72: 3.236 | U72: 2.749 | V72: 1.942 | W72: 1.968 | X72: NaN | Y72: 0.4697 | Z72: 4.292e-07
A73: 4_164805-19043-1_Corn-r05-A_USEPA Pond_0010_median | B73: 7.949 | C73: 2.026 | D73: 1.14 | E73: 7.852 | F73: 7.311 | G73: 6.12 | H73: 3.768 | I73: 3.751 | J73: NaN | K73: 0.9491 | L73: 4.469e-07 | O73: 12_567494-13121-74_Orchard deciduous-r08-A_USEPA Pond_0089_median | P73: 3.262 | Q73: 0.6008 | R73: 0.2502 | S73: 3.19 | T73: 2.817 | U73: 2.173 | V73: 1.321 | W73: 1.317 | X73: 3.633e-05 | Y73: 1.78 | Z73: 6.936e-05
A74: 4_522893-13848-1_Corn-r06-A_USEPA Pond_0010_median | B74: 15.54 | C74: 4.136 | D74: 1.775 | E74: 15.39 | F74: 14.88 | G74: 12.64 | H74: 7.877 | I74: 7.833 | J74: 1.582e-06 | K74: 2.109 | L74: 2.865e-06 | O74: 12_2774572-26572-68_Orchard deciduous-r09-A_USEPA Pond_0089_median | P74: 3.987 | Q74: 1.493 | R74: 0.5768 | S74: 3.935 | T74: 3.699 | U74: 3.207 | V74: 2.361 | W74: 2.403 | X74: NaN | Y74: 0.412 | Z74: 1.635e-07
A75: 4_2765542-21371-1_Corn-r07-A_USEPA Pond_0010_median | B75: 8.627 | C75: 2.531 | D75: 1.406 | E75: 8.533 | F75: 8.252 | G75: 7.22 | H75: 4.536 | I75: 4.614 | J75: NaN | K75: 0.512 | L75: 3.768e-07 | O75: 12_2532369-16882-74_Orchard deciduous-r10L-A_USEPA Pond_0089_median | P75: 7.134 | Q75: 1.681 | R75: 0.7581 | S75: 6.961 | T75: 6.185 | U75: 4.962 | V75: 3.3 | W75: 3.292 | X75: NaN | Y75: 0.8519 | Z75: 4.973e-06
A76: 4_568322-13597-1_Corn-r08-A_USEPA Pond_0010_median | B76: 20.32 | C76: 4.932 | D76: 2.251 | E76: 20.18 | F76: 19.26 | G76: 16.42 | H76: 10.3 | I76: 10.25 | J76: 3.8e-06 | K76: 1.125 | L76: 5.422e-06 | O76: 12_146775-27192-66_Orchard deciduous-r10U-A_USEPA Pond_0089_median | P76: 1.367 | Q76: 0.5742 | R76: 0.2277 | S76: 1.351 | T76: 1.268 | U76: 1.182 | V76: 1.007 | W76: 1.012 | X76: NaN | Y76: 0.1945 | Z76: 1.417e-10
A77: 4_2798874-27020-1_Corn-r09-A_USEPA Pond_0010_median | B77: 8.857 | C77: 2.816 | D77: 1.461 | E77: 8.788 | F77: 8.363 | G77: 7.325 | H77: 4.745 | I77: 4.726 | J77: NaN | K77: 0.2369 | L77: 4.595e-11 | O77: 12_106593-15934-74_Orchard deciduous-r11-A_USEPA Pond_0089_median | P77: 6.083 | Q77: 1.288 | R77: 0.5617 | S77: 5.969 | T77: 5.286 | U77: 4.136 | V77: 2.589 | W77: 2.625 | X77: 6.308e-06 | Y77: 1.177 | Z77: 7.542e-06
A78: 4_1691426-20179-13_Corn-r10L-A_USEPA Pond_0010_median | B78: 11.11 | C78: 2.913 | D78: 1.398 | E78: 10.98 | F78: 10.41 | G78: 8.863 | H78: 5.447 | I78: 5.417 | J78: NaN | K78: 0.3861 | L78: 2.754e-08 | O78: 12_367880-12156-74_Orchard deciduous-r12-A_USEPA Pond_0089_median | P78: 5.477 | Q78: 0.9406 | R78: 0.4033 | S78: 5.376 | T78: 4.752 | U78: 3.508 | V78: 2.065 | W78: 2.057 | X78: NaN | Y78: 0.533 | Z78: 1.311e-07
A79: 4_418822-23009-1_Corn-r10U-A_USEPA Pond_0010_median | B79: 7.823 | C79: 2.307 | D79: 1.105 | E79: 7.748 | F79: 7.354 | G79: 6.275 | H79: 4.004 | I79: 3.984 | J79: NaN | K79: 0.04494 | L79: 5.996e-21 | O79: 12_712158-9291-74_Orchard deciduous-r13-A_USEPA Pond_0089_median | P79: 1.255 | Q79: 0.2611 | R79: 0.08943 | S79: 1.237 | T79: 1.123 | U79: 0.8812 | V79: 0.5413 | W79: 0.5471 | X79: NaN | Y79: 0.002203 | Z79: 5.622e-42
A80: 4_1380629-16622-1_Corn-r11-A_USEPA Pond_0010_median | B80: 6.784 | C80: 1.601 | D80: 0.7915 | E80: 6.712 | F80: 6.383 | G80: 5.357 | H80: 3.246 | I80: 3.228 | J80: NaN | K80: 0.004943 | L80: 7.7e-30 | O80: 12_496634-17773-67_Orchard deciduous-r14-A_USEPA Pond_0089_median | P80: 0.3518 | Q80: 0.1689 | R80: 0.05664 | S80: 0.3496 | T80: 0.3408 | U80: 0.3407 | V80: 0.3259 | W80: 0.3322 | X80: NaN | Y80: 0.04144 | Z80: 1.23e-20
A81: 4_372423-12152-1_Corn-r12-A_USEPA Pond_0010_median | B81: 8.735 | C81: 1.78 | D81: 0.8945 | E81: 8.612 | F81: 7.965 | G81: 6.604 | H81: 3.901 | I81: 3.88 | J81: NaN | K81: 0.3569 | L81: 2.107e-08 | O81: 12_53675-11396-74_Orchard deciduous-r15-A_USEPA Pond_0089_median | P81: 0.9832 | Q81: 0.1756 | R81: 0.05133 | S81: 0.9566 | T81: 0.8207 | U81: 0.6418 | V81: 0.4072 | W81: 0.4098 | X81: NaN | Y81: 0.001593 | Z81: 0
A82: 4_55992-12595-237_Corn-r13-A_USEPA Pond_0010_median | B82: 1.905 | C82: 0.4082 | D82: 0.3781 | E82: 1.869 | F82: 1.677 | G82: 1.271 | H82: 0.7664 | I82: 0.7614 | J82: NaN | K82: 0.007153 | L82: 4.134e-38 | O82: 12_483390-18938-66_Orchard deciduous-r16-A_USEPA Pond_0089_median | P82: 0.6213 | Q82: 0.2229 | R82: 0.06802 | S82: 0.6141 | T82: 0.5772 | U82: 0.5084 | V82: 0.4069 | W82: 0.4074 | X82: NaN | Y82: 0.06717 | Z82: 8.782e-17
A83: 4_506809-18005-1_Corn-r14-A_USEPA Pond_0010_median | B83: 4.509 | C83: 1.813 | D83: 1.072 | E83: 4.484 | F83: 4.33 | G83: 3.911 | H83: 2.771 | I83: 2.82 | J83: NaN | K83: 0.0101 | L83: 6.307e-33 | O83: 12_62699-22668-71_Orchard deciduous-r17-A_USEPA Pond_0089_median | P83: 3.44 | Q83: 1.347 | R83: 0.5471 | S83: 3.414 | T83: 3.287 | U83: 3.012 | V83: 2.131 | W83: 2.132 | X83: 0.0002497 | Y83: 2.675 | Z83: 0.000631
A84: 4_54973-11158-226_Corn-r15-A_USEPA Pond_0010_median | B84: 1.806 | C84: 0.3647 | D84: 0.3463 | E84: 1.773 | F84: 1.608 | G84: 1.236 | H84: 0.7259 | I84: 0.7208 | J84: NaN | K84: 0.001072 | L84: 3.357e-81 | O84: 12_462066-17012-75_Orchard deciduous-r18-A_USEPA Pond_0089_median | P84: 2.528 | Q84: 0.7915 | R84: 0.3224 | S84: 2.501 | T84: 2.378 | U84: 2.186 | V84: 1.486 | W84: 1.477 | X84: NaN | Y84: 0.2758 | Z84: 2.206e-07
A85: 4_481578-20116-1_Corn-r16-A_USEPA Pond_0010_median | B85: 11.25 | C85: 3.922 | D85: 1.718 | E85: 11.21 | F85: 10.87 | G85: 9.854 | H85: 6.599 | I85: 6.572 | J85: NaN | K85: 0.08712 | L85: 4.797e-19 | O85: 15_1151415-6314-212_Orchard evergreen-r03S-A_USEPA Pond_0010_median | P85: 3.764 | Q85: 0.8063 | R85: 0.3295 | S85: 3.693 | T85: 3.357 | U85: 2.732 | V85: 1.69 | W85: 1.63 | X85: 8.554e-05 | Y85: 1.464 | Z85: 0.0001047
A86: 4_69526-24571-1_Corn-r17-A_USEPA Pond_0010_median | B86: 2.222 | C86: 0.8224 | D86: 0.7694 | E86: 2.205 | F86: 2.11 | G86: 1.885 | H86: 1.292 | I86: 1.288 | J86: NaN | K86: 0.005415 | L86: 1.469e-38 | O86: 15_1017242-10309-212_Orchard evergreen-r03W-A_USEPA Pond_0010_median | P86: 24.13 | Q86: 5.251 | R86: 2.575 | S86: 23.92 | T86: 17.92 | U86: 15.09 | V86: 10.06 | W86: 10.03 | X86: 0.005587 | Y86: 1.755 | Z86: 0.005965
A87: 4_467176-15131-225_Corn-r18-A_USEPA Pond_0010_median | B87: 1.865 | C87: 0.5009 | D87: 0.4609 | E87: 1.84 | F87: 1.697 | G87: 1.384 | H87: 0.8572 | I87: 0.8529 | J87: NaN | K87: 0.005805 | L87: 4.329e-42 | O87: 15_576089-12632-72_Orchard evergreen-r11-A_USEPA Pond_0010_median | P87: 23.54 | Q87: 5.66 | R87: 2.752 | S87: 23.5 | T87: 16.47 | U87: 14.27 | V87: 10.03 | W87: 10.01 | X87: NaN | Y87: 0.5963 | Z87: 2.856e-05
A88: 6_290662-20742-26_Soybean-r01-A_USEPA Pond_0076_median | B88: 30.63 | C88: 10.5 | D88: 7.715 | E88: 30.05 | F88: 27.67 | G88: 23.39 | H88: 16.12 | I88: 16.06 | J88: 0.000499 | K88: 1.562 | L88: 0.0006663 | O88: 15_363322-6720-72_Orchard evergreen-r12-A_USEPA Pond_0010_median | P88: 6.871 | Q88: 1.37 | R88: 0.4806 | S88: 6.875 | T88: 5.01 | U88: 4.332 | V88: 2.745 | W88: 2.736 | X88: NaN | Y88: 0.1195 | Z88: 4.871e-14
A89: 6_1606194-18138-5_Soybean-r02-A_USEPA Pond_0076_median | B89: 37.23 | C89: 10.89 | D89: 7.566 | E89: 36.46 | F89: 32.88 | G89: 26.78 | H89: 19.75 | I89: 19.88 | J89: 3.573e-05 | K89: 1.268 | L89: 3.761e-05 | O89: 15_367672-5777-72_Orchard evergreen-r13-A_USEPA Pond_0010_median | P89: 3.224 | Q89: 0.6962 | R89: 0.2254 | S89: 3.155 | T89: 2.701 | U89: 2.314 | V89: 1.417 | W89: 1.412 | X89: NaN | Y89: 0.1295 | Z89: 1.102e-13
A90: 6_114323-14827-5_Soybean-r03N-A_USEPA Pond_0076_median | B90: 33.18 | C90: 8.342 | D90: 5.557 | E90: 32.36 | F90: 29.54 | G90: 23.47 | H90: 14.53 | I90: 14.64 | J90: 4.305e-05 | K90: 1.707 | L90: 7.064e-05 | O90: 15_53259-11846-72_Orchard evergreen-r15-A_USEPA Pond_0010_median | P90: 2.615 | Q90: 0.5485 | R90: 0.16 | S90: 2.537 | T90: 2.171 | U90: 2.026 | V90: 1.44 | W90: 1.431 | X90: NaN | Y90: 0 | Z90: 0
A91: 6_325092-11970-5_Soybean-r03S-A_USEPA Pond_0076_median | B91: 20.01 | C91: 5.187 | D91: 3.919 | E91: 19.53 | F91: 17.61 | G91: 14.27 | H91: 8.895 | I91: 9.055 | J91: 1.331e-05 | K91: 1.714 | L91: 2.825e-05 | O91: 15_2424828-17725-212_Orchard evergreen-r16-A_USEPA Pond_0010_median | P91: 15.88 | Q91: 6.49 | R91: 3.124 | S91: 15.84 | T91: 13.42 | U91: 12.77 | V91: 9.545 | W91: 9.53 | X91: NaN | Y91: 0.6525 | Z91: 0.01824
A92: 6_333014-13366-5_Soybean-r03W-A_USEPA Pond_0076_median | B92: 38.31 | C92: 8.503 | D92: 5.441 | E92: 37.34 | F92: 33.18 | G92: 25.71 | H92: 15.43 | I92: 15.89 | J92: 4.597e-06 | K92: 1.61 | L92: 1.048e-05 | O92: 15_2766125-18423-211_Orchard evergreen-r18-A_USEPA Pond_0010_median | P92: 8.051 | Q92: 2.9 | R92: 1.217 | S92: 8.012 | T92: 6.565 | U92: 5.973 | V92: 4.229 | W92: 4.221 | X92: NaN | Y92: 0.6181 | Z92: 0.004064
A93: 6_423263-22330-5_Soybean-r04-A_USEPA Pond_0076_median | B93: 31.43 | C93: 11 | D93: 7.27 | E93: 30.84 | F93: 28.25 | G93: 23.95 | H93: 17.25 | I93: 17.18 | J93: NaN | K93: 0.6235 | L93: 3.956e-06 | O93: 17_315670-22645-242_Small fruit trellised-r01-A_USEPA Pond_0089_median | P93: 2.021 | Q93: 0.7214 | R93: 0.2614 | S93: 1.995 | T93: 1.966 | U93: 1.744 | V93: 1.356 | W93: 1.386 | X93: 0.0001387 | Y93: 2.332 | Z93: 0.0002534
A94: 6_163010-18801-5_Soybean-r05-A_USEPA Pond_0076_median | B94: 27.7 | C94: 8.334 | D94: 5.808 | E94: 27.23 | F94: 24.82 | G94: 20.58 | H94: 13.44 | I94: 13.4 | J94: NaN | K94: 0.9624 | L94: 4.487e-06 | O94: 17_545148-18838-69_Small fruit trellised-r02-A_USEPA Pond_0089_median | P94: 0.411 | Q94: 0.1063 | R94: 0.03909 | S94: 0.4088 | T94: 0.3769 | U94: 0.3026 | V94: 0.2241 | W94: 0.2251 | X94: 8.521e-05 | Y94: 1.52 | Z94: 0.0001181
A95: 6_1597339-15962-5_Soybean-r06-A_USEPA Pond_0076_median | B95: 29.03 | C95: 7.891 | D95: 5.41 | E95: 28.41 | F95: 26.03 | G95: 20.68 | H95: 13.44 | I95: 13.62 | J95: 4.243e-05 | K95: 1.575 | L95: 5.438e-05 | O95: 17_130135-13170-242_Small fruit trellised-r03N-A_USEPA Pond_0089_median | P95: 1.666 | Q95: 0.3428 | R95: 0.1228 | S95: 1.638 | T95: 1.518 | U95: 1.227 | V95: 0.7245 | W95: 0.7256 | X95: 2.209e-05 | Y95: 2.064 | Z95: 4.314e-05
A96: 6_1585999-21611-5_Soybean-r07-A_USEPA Pond_0076_median | B96: 32.61 | C96: 10.96 | D96: 7.26 | E96: 32.01 | F96: 29.54 | G96: 24.45 | H96: 16.68 | I96: 16.64 | J96: NaN | K96: 0.9022 | L96: 7.404e-06 | O96: 17_125182-11031-242_Small fruit trellised-r03S-A_USEPA Pond_0089_median | P96: 3.453 | Q96: 0.7042 | R96: 0.2607 | S96: 3.403 | T96: 3.152 | U96: 2.523 | V96: 1.473 | W96: 1.479 | X96: NaN | Y96: 0.9368 | Z96: 1.437e-05
A97: 6_564088-14065-5_Soybean-r08-A_USEPA Pond_0076_median | B97: 34.51 | C97: 8.525 | D97: 6.241 | E97: 33.63 | F97: 30.7 | G97: 24.33 | H97: 15.03 | I97: 14.96 | J97: 2.683e-06 | K97: 1.043 | L97: 2.794e-06 | O97: 17_325764-11732-242_Small fruit trellised-r03W-A_USEPA Pond_0089_median | P97: 4.282 | Q97: 1.065 | R97: 0.3718 | S97: 4.226 | T97: 4.002 | U97: 3.428 | V97: 2.078 | W97: 2.069 | X97: 8.437e-06 | Y97: 1.17 | Z97: 1.222e-05
A98: 6_2585754-26533-5_Soybean-r09-A_USEPA Pond_0076_median | B98: 21.04 | C98: 7.914 | D98: 5.931 | E98: 20.71 | F98: 19.41 | G98: 16.17 | H98: 11.48 | I98: 11.48 | J98: NaN | K98: 0.04513 | L98: 8.436e-21 | O98: 17_289866-21191-69_Small fruit trellised-r04-A_USEPA Pond_0089_median | P98: 1.928 | Q98: 0.5443 | R98: 0.2325 | S98: 1.914 | T98: 1.759 | U98: 1.452 | V98: 0.9767 | W98: 0.9782 | X98: 4.874e-05 | Y98: 1.28 | Z98: 5.394e-05
A99: 6_1700092-19697-5_Soybean-r10L-A_USEPA Pond_0076_median | B99: 23.55 | C99: 6.574 | D99: 4.346 | E99: 23.16 | F99: 21.26 | G99: 17.2 | H99: 11.19 | I99: 11.14 | J99: NaN | K99: 0.1028 | L99: 1.37e-17 | O99: 17_2633044-20953-69_Small fruit trellised-r05-A_USEPA Pond_0089_median | P99: 4.067 | Q99: 1.191 | R99: 0.5643 | S99: 3.987 | T99: 3.695 | U99: 3.062 | V99: 2.039 | W99: 2.04 | X99: 1.238e-05 | Y99: 1.203 | Z99: 1.276e-05
A100: 6_2573568-25127-5_Soybean-r10U-A_USEPA Pond_0076_median | B100: 17.2 | C100: 6.536 | D100: 5.019 | E100: 17.04 | F100: 15.63 | G100: 13.1 | H100: 9.544 | I100: 9.516 | J100: NaN | K100: 0.1256 | L100: 5.311e-14 | O100: 17_529798-15281-69_Small fruit trellised-r06-A_USEPA Pond_0089_median | P100: 2.012 | Q100: 0.505 | R100: 0.1854 | S100: 1.982 | T100: 1.812 | U100: 1.495 | V100: 1.03 | W100: 1.048 | X100: 3.643e-05 | Y100: 2.246 | Z100: 7.502e-05
...

Sheet summary_WPEZ
A1: RUNOFF+DRIFT ASSUMPTION - Formatted entry of PWC Output for the WPEZ Medians (USED FOR RQs) | M1: RUNOFF ONLY (NO DRIFT) - Formatted entry of PWC Output for the WPEZ Medians (USED FOR MODs)
A2: Run Information | B2: 1-d avg | C2: 365-d avg | D2: Total avg | E2: 4-d avg | F2: 21-d avg | G2: 60-d avg | H2: 1-day | I2: B 21-d avg | J2: Total System (lb/A) | M2: Run Information | N2: 1-d avg | O2: 365-d avg | P2: Total avg | Q2: 4-d avg | R2: 21-d avg | S2: 60-d avg | T2: 1-day | U2: B 21-d avg | V2: Total System (lb/A)
A3: 1_284802-23590-1_Corn-r01-A_USEPA Pond_0010_median | B3: 126.8 | C3: 9.42 | D3: 4.014 | E3: 102.9 | F3: 71.8 | G3: 45.27 | H3: 32.02 | I3: 29.97 | J3: 0.1626 | M3: 1_284802-23590-1_Corn-r01-A_USEPA Pond_0010_median | N3: 126.8 | O3: 9.42 | P3: 4.014 | Q3: 102.9 | R3: 71.8 | S3: 45.27 | T3: 32.02 | U3: 29.97 | V3: 0.1626
A4: 1_282174-22397-1_Corn-r02-A_USEPA Pond_0010_median | B4: 76.37 | C4: 6.404 | D4: 2.473 | E4: 61.37 | F4: 46.57 | G4: 29.01 | H4: 21.17 | I4: 20.48 | J4: 0.08751 | M4: 1_282174-22397-1_Corn-r02-A_USEPA Pond_0010_median | N4: 76.37 | O4: 6.404 | P4: 2.473 | Q4: 61.37 | R4: 46.57 | S4: 29.01 | T4: 21.17 | U4: 20.48 | V4: 0.08751
A5: 1_2493903-15051-1_Corn-r03N-A_USEPA Pond_0010_median | B5: 67.52 | C5: 4.978 | D5: 1.907 | E5: 49.99 | F5: 36.41 | G5: 23.83 | H5: 16 | I5: 15.53 | J5: 0.08282 | M5: 1_2493903-15051-1_Corn-r03N-A_USEPA Pond_0010_median | N5: 67.52 | O5: 4.978 | P5: 1.907 | Q5: 49.99 | R5: 36.41 | S5: 23.83 | T5: 16 | U5: 15.53 | V5: 0.08282
A6: 1_125348-10792-1_Corn-r03S-A_USEPA Pond_0010_median | B6: 93.13 | C6: 5.051 | D6: 1.995 | E6: 63.07 | F6: 45.36 | G6: 26.59 | H6: 21.7 | I6: 19.79 | J6: 0.09556 | M6: 1_125348-10792-1_Corn-r03S-A_USEPA Pond_0010_median | N6: 93.13 | O6: 5.051 | P6: 1.995 | Q6: 63.07 | R6: 45.36 | S6: 26.59 | T6: 21.7 | U6: 19.79 | V6: 0.09556
A7: 1_333066-12658-1_Corn-r03W-A_USEPA Pond_0010_median | B7: 105.7 | C7: 4.975 | D7: 1.925 | E7: 62.6 | F7: 43.21 | G7: 25.91 | H7: 20.26 | I7: 19.14 | J7: 0.1327 | M7: 1_333066-12658-1_Corn-r03W-A_USEPA Pond_0010_median | N7: 105.7 | O7: 4.975 | P7: 1.925 | Q7: 62.6 | R7: 43.21 | S7: 25.91 | T7: 20.26 | U7: 19.14 | V7: 0.1327
A8: 1_169674-19520-1_Corn-r04-A_USEPA Pond_0010_median | B8: 135.4 | C8: 9.432 | D8: 4.161 | E8: 89.72 | F8: 62.2 | G8: 43.93 | H8: 33.25 | I8: 31.56 | J8: 0.1406 | M8: 1_169674-19520-1_Corn-r04-A_USEPA Pond_0010_median | N8: 135.4 | O8: 9.432 | P8: 4.161 | Q8: 89.72 | R8: 62.2 | S8: 43.93 | T8: 33.25 | U8: 31.56 | V8: 0.1406
A9: 1_164805-19043-1_Corn-r05-A_USEPA Pond_0010_median | B9: 67.95 | C9: 4.98 | D9: 1.8 | E9: 51.52 | F9: 35.51 | G9: 21.57 | H9: 15.4 | I9: 14.61 | J9: 0.0781 | M9: 1_164805-19043-1_Corn-r05-A_USEPA Pond_0010_median | N9: 67.95 | O9: 4.98 | P9: 1.8 | Q9: 51.52 | R9: 35.51 | S9: 21.57 | T9: 15.4 | U9: 14.61 | V9: 0.0781
A10: 1_522893-13848-1_Corn-r06-A_USEPA Pond_0010_median | B10: 96.62 | C10: 5.277 | D10: 2.207 | E10: 59.13 | F10: 42.17 | G10: 25.9 | H10: 19.25 | I10: 18.75 | J10: 0.1251 | M10: 1_522893-13848-1_Corn-r06-A_USEPA Pond_0010_median | N10: 96.62 | O10: 5.277 | P10: 2.207 | Q10: 59.13 | R10: 42.17 | S10: 25.9 | T10: 19.25 | U10: 18.75 | V10: 0.1251
A11: 1_2765542-21371-1_Corn-r07-A_USEPA Pond_0010_median | B11: 60.85 | C11: 4.831 | D11: 1.928 | E11: 48.65 | F11: 36.58 | G11: 21.49 | H11: 14.84 | I11: 13.7 | J11: 0.07876 | M11: 1_2765542-21371-1_Corn-r07-A_USEPA Pond_0010_median | N11: 60.85 | O11: 4.831 | P11: 1.928 | Q11: 48.65 | R11: 36.58 | S11: 21.49 | T11: 14.84 | U11: 13.7 | V11: 0.07876
A12: 1_568322-13597-1_Corn-r08-A_USEPA Pond_0010_median | B12: 105.4 | C12: 4.75 | D12: 2.056 | E12: 65.17 | F12: 46.13 | G12: 25.87 | H12: 18.9 | I12: 17.52 | J12: 0.1417 | M12: 1_568322-13597-1_Corn-r08-A_USEPA Pond_0010_median | N12: 105.4 | O12: 4.75 | P12: 2.056 | Q12: 65.17 | R12: 46.13 | S12: 25.87 | T12: 18.9 | U12: 17.52 | V12: 0.1417
A13: 1_2798874-27020-1_Corn-r09-A_USEPA Pond_0010_median | B13: 113.7 | C13: 8.497 | D13: 3.48 | E13: 78.95 | F13: 51.24 | G13: 31.41 | H13: 33.54 | I13: 32.07 | J13: 0.08278 | M13: 1_2798874-27020-1_Corn-r09-A_USEPA Pond_0010_median | N13: 113.7 | O13: 8.497 | P13: 3.48 | Q13: 78.95 | R13: 51.24 | S13: 31.41 | T13: 33.54 | U13: 32.07 | V13: 0.08278
A14: 1_1691426-20179-13_Corn-r10L-A_USEPA Pond_0010_median | B14: 83.44 | C14: 6.217 | D14: 2.234 | E14: 56.32 | F14: 40.05 | G14: 24.75 | H14: 22.55 | I14: 21.49 | J14: 0.09362 | M14: 1_1691426-20179-13_Corn-r10L-A_USEPA Pond_0010_median | N14: 83.44 | O14: 6.217 | P14: 2.234 | Q14: 56.32 | R14: 40.05 | S14: 24.75 | T14: 22.55 | U14: 21.49 | V14: 0.09362
... A221: 18_397808-22314-12_Vegetable fresh or processing market-r07-A_USEPA Pond_0010_median | B221: 66.88 | C221: 5.576 | D221: 2.662 | E221: 46.82 | F221: 33.59 | G221: 24.61 | H221: 19.14 | I221: 18.45 | J221: 0.07061 | M221: 31_463577-14897-176_Pasture or forage-r18-A_USEPA Pond_0030_median | N221: 248.7 | O221: 11.73 | P221: 5.891 | Q221: 170.1 | R221: 93.61 | S221: 50.12 | T221: 78.51 | U221: 75 | V221: 0.09093
A222: 18_1715900-13351-54_Vegetable fresh or processing market-r08-A_USEPA Pond_0010_median | B222: 94.31 | C222: 4.239 | D222: 2.029 | E222: 55 | F222: 36.59 | G222: 21.26 | H222: 18.77 | I222: 18.15 | J222: 0.1025
A223: 18_356962-25371-12_Vegetable fresh or processing market-r09-A_USEPA Pond_0010_median | B223: 119.9 | C223: 7.523 | D223: 3.656 | E223: 78.48 | F223: 48 | G223: 27.98 | H223: 30.87 | I223: 29.58 | J223: 0.06458
A224: 18_497748-19437-229_Vegetable fresh or processing market-r10L-A_USEPA Pond_0010_median | B224: 200.4 | C224: 10.98 | D224: 5.462 | E224: 133.8 | F224: 61.91 | G224: 36.39 | H224: 64.73 | I224: 63.94 | J224: 0.08132
A225: 18_2517301-22540-12_Vegetable fresh or processing market-r10U-A_USEPA Pond_0010_median | B225: 97.91 | C225: 7.154 | D225: 3.441 | E225: 69.5 | F225: 42.36 | G225: 28.26 | H225: 27.08 | I225: 25.92 | J225: 0.07096
A226: 18_382177-13799-57_Vegetable fresh or processing market-r11-A_USEPA Pond_0010_median | B226: 116.3 | C226: 6.632 | D226: 3.027 | E226: 74.69 | F226: 49.2 | G226: 31.13 | H226: 28.86 | I226: 27.84 | J226: 0.1065
A227: 18_373519-10262-57_Vegetable fresh or processing market-r12-A_USEPA Pond_0010_median | B227: 80.59 | C227: 4.54 | D227: 2.207 | E227: 55.45 | F227: 35.92 | G227: 26.94 | H227: 22.56 | I227: 21.91 | J227: 0.1049
A228: 18_58936-11176-216_Vegetable fresh or processing market-r13-A_USEPA Pond_0010_median | B228: 77.08 | C228: 1.691 | D228: 0.9326 | E228: 42.38 | F228: 13.13 | G228: 6.852 | H228: 34.68 | I228: 34.09 | J228: 0.01906
A229: 18_508783-17536-12_Vegetable fresh or processing market-r14-A_USEPA Pond_0010_median | B229: 142.6 | C229: 7.773 | D229: 4.126 | E229: 96.41 | F229: 40.91 | G229: 21.81 | H229: 46.2 | I229: 45.78 | J229: 0.02561
A230: 18_53259-11846-227_Vegetable fresh or processing market-r15-A_USEPA Pond_0010_median | B230: 62.67 | C230: 1.825 | D230: 0.8707 | E230: 43.17 | F230: 24.8 | G230: 13.75 | H230: 36.67 | I230: 36.38 | J230: 0.02319
A231: 18_473920-17256-208_Vegetable fresh or processing market-r16-A_USEPA Pond_0010_median | B231: 60.59 | C231: 5.227 | D231: 2.886 | E231: 44.97 | F231: 32.53 | G231: 17.53 | H231: 26.01 | I231: 24.31 | J231: 0.06434
A232: 18_68754-25749-12_Vegetable fresh or processing market-r17-A_USEPA Pond_0010_median | B232: 114.6 | C232: 5.755 | D232: 3.289 | E232: 77.01 | F232: 41.97 | G232: 21.28 | H232: 33.9 | I232: 35.23 | J232: 0.02543
A233: 18_455512-12315-12_Vegetable fresh or processing market-r18-A_USEPA Pond_0010_median | B233: 134.6 | C233: 5.538 | D233: 1.844 | E233: 97.49 | F233: 61.57 | G233: 29.84 | H233: 53.63 | I233: 52.94 | J233: 0.04207
... A415: 30_463577-14897-176_Pasture or forage-r18-A_USEPA Pond_0030_median | B415: 288.1 | C415: 14.36 | D415: 8.472 | E415: 190.8 | F415: 111.1 | G415: 60.59 | H415: 94.04 | I415: 92.43 | J415: 0.1008

Sheet PWC scheme check
A1: PWC 3 Scheme Table
B2: amt in lb/acre
A3: Sch# | B3: Description | C3: mode | D3: #Apps | E3: days | F3: amt | G3: method | H3: depth | I3: split | J3: drift | K3: buffer | L3: period | M3: lag | N3: days | O3: amt | P3: method | Q3: depth | R3: split | S3: drift | T3: buffer | U3: period | V3: lag | W3: days | X3: amt | Y3: method | Z3: depth | AA3: split | AB3: drift | AC3: buffer | AD3: period | AE3: lag | AF3: days | AG3: amt | AH3: method | AI3: depth | AJ3: split | AK3: drift | AL3: buffer | AM3: period | AN3: lag | AO3: days | AP3: amt | AQ3: method | AR3: depth | AS3: split | AT3: drift | AU3: buffer | AV3: period | AW3: lag | AX3: days | AY3: amt | AZ3: method | BA3: depth | BB3: split | BC3: drift | BD3: buffer | BE3: period | BF3: lag | BG3: days | BH3: amt | BI3: method | BJ3: depth | BK3: split | BL3: drift | BM3: buffer | BN3: period | BO3: lag | BP3: days | BQ3: amt | BR3: method | BS3: depth | BT3: split | BU3: drift | BV3: buffer | BW3: period | BX3: lag | BY3: days | BZ3: amt | CA3: method | CB3: depth | CC3: split | CD3: drift | CE3: buffer | CF3: period | CG3: lag | CH3: days | CI3: amt | CJ3: method | CK3: depth | CL3: split | CM3: drift | CN3: buffer | CO3: period | CP3: lag | CQ3: window | CR3: span | CS3: step | CT3: raifast | CU3: rainlimit | CV3: intolwindow | CW3: optwindow | CX3: mindays | CY3: RunoffMit | CZ3: ErosionMit | DA3: DriftMit | DB3: #scn | DC3: scn dir
A4: 1 | B4: Corn_1 | C4: 1 | D4: 1 | E4: -14 | F4: 0.75 | G4: 1 | H4: 0 | I4: 0 | J4: 15 | K4: 0 | L4: 1 | M4: 0 | N4: 0 | O4: 0 | P4: 0 | Q4: 0 | R4: 0 | S4: 0 | T4: 0 | U4: 0 | V4: 0 | W4: 0 | X4: 0 | Y4: 0 | Z4: 0 | AA4: 0 | AB4: 0 | AC4: 0 | AD4: 0 | AE4: 0 | AF4: 0 | AG4: 0 | AH4: 0 | AI4: 0 | AJ4: 0 | AK4: 0 | AL4: 0 | AM4: 0 | AN4: 0 | AO4: 0 | AP4: 0 | AQ4: 0 | AR4: 0 | AS4: 0 | AT4: 0 | AU4: 0 | AV4: 0 | AW4: 0 | AX4: 0 | AY4: 0 | AZ4: 0 | BA4: 0 | BB4: 0 | BC4: 0 | BD4: 0 | BE4: 0 | BF4: 0 | BG4: 0 | BH4: 0 | BI4: 0 | BJ4: 0 | BK4: 0 | BL4: 0 | BM4: 0 | BN4: 0 | BO4: 0 | BP4: 0 | BQ4: 0 | BR4: 0 | BS4: 0 | BT4: 0 | BU4: 0 | BV4: 0 | BW4: 0 | BX4: 0 | BY4: 0 | BZ4: 0 | CA4: 0 | CB4: 0 | CC4: 0 | CD4: 0 | CE4: 0 | CF4: 0 | CG4: 0 | CH4: 0 | CI4: 0 | CJ4: 0 | CK4: 0 | CL4: 0 | CM4: 0 | CN4: 0 | CO4: 0 | CP4: 0 | CQ4: TRUE | CR4: 10 | CS4: 1 | CT4: FALSE | CU4: 0 | CV4: 0 | CW4: 0 | CX4: 0 | CY4: 1 | CZ4: 1 | DA4: 1 | DB4: 21 | DC4: C:\models\Inputs\PWC scenario v7 and WeatherFiles\Koc under 100/ | DD4: Corn-r01-A_v7.scn2 | DE4: Corn-r02-A_v7.scn2 | DF4: Corn-r03N-A_v7.scn2 | DG4: Corn-r03S-A_v7.scn2 | DH4: Corn-r03W-A_v7.scn2 | DI4: Corn-r04-A_v7.scn2 | DJ4: Corn-r05-A_v7.scn2 | DK4: Corn-r06-A_v7.scn2 | DL4: Corn-r07-A_v7.scn2 | DM4: Corn-r08-A_v7.scn2 | DN4: Corn-r09-A_v7.scn2 | DO4: Corn-r10L-A_v7.scn2 | DP4: Corn-r10U-A_v7.scn2 | DQ4: Corn-r11-A_v7.scn2 | DR4: Corn-r12-A_v7.scn2 | DS4: Corn-r13-A_v7.scn2 | DT4: Corn-r14-A_v7.scn2 | DU4: Corn-r15-A_v7.scn2 | DV4: Corn-r16-A_v7.scn2 | DW4: Corn-r17-A_v7.scn2 | DX4: Corn-r18-A_v7.scn2
A5: 2 | B5: Corn_1 | C5: 1 | D5: 1 | E5: -14 | F5: 0.75 | G5: 2 | H5: 0 | I5: 0 | J5: 3 | K5: 0 | L5: 1 | M5: 0 | N5: 0 | O5: 0 | P5: 0 | Q5: 0 | R5: 0 | S5: 0 | T5: 0 | U5: 0 | V5: 0 | W5: 0 | X5: 0 | Y5: 0 | Z5: 0 | AA5: 0 | AB5: 0 | AC5: 0 | AD5: 0 | AE5: 0 | AF5: 0 | AG5: 0 | AH5: 0 | AI5: 0 | AJ5: 0 | AK5: 0 | AL5: 0 | AM5: 0 | AN5: 0 | AO5: 0 | AP5: 0 | AQ5: 0 | AR5: 0 | AS5: 0 | AT5: 0 | AU5: 0 | AV5: 0 | AW5: 0 | AX5: 0 | AY5: 0 | AZ5: 0 | BA5: 0 | BB5: 0 | BC5: 0 | BD5: 0 | BE5: 0 | BF5: 0 | BG5: 0 | BH5: 0 | BI5: 0 | BJ5: 0 | BK5: 0 | BL5: 0 | BM5: 0 | BN5: 0 | BO5: 0 | BP5: 0 | BQ5: 0 | BR5: 0 | BS5: 0 | BT5: 0 | BU5: 0 | BV5: 0 | BW5: 0 | BX5: 0 | BY5: 0 | BZ5: 0 | CA5: 0 | CB5: 0 | CC5: 0 | CD5: 0 | CE5: 0 | CF5: 0 | CG5: 0 | CH5: 0 | CI5: 0 | CJ5: 0 | CK5: 0 | CL5: 0 | CM5: 0 | CN5: 0 | CO5: 0 | CP5: 0 | CQ5: TRUE | CR5: 10 | CS5: 1 | CT5: FALSE | CU5: 0 | CV5: 0 | CW5: 0 | CX5: 0 | CY5: 1 | CZ5: 1 | DA5: 1 | DB5: 21 | DC5: C:\models\Inputs\PWC scenario v7 and WeatherFiles\Koc under 100/ | DD5: Corn-r01-A_v7.scn2 | DE5: Corn-r02-A_v7.scn2 | DF5: Corn-r03N-A_v7.scn2 | DG5: Corn-r03S-A_v7.scn2 | DH5: Corn-r03W-A_v7.scn2 | DI5: Corn-r04-A_v7.scn2 | DJ5: Corn-r05-A_v7.scn2 | DK5: Corn-r06-A_v7.scn2 | DL5: Corn-r07-A_v7.scn2 | DM5: Corn-r08-A_v7.scn2 | DN5: Corn-r09-A_v7.scn2 | DO5: Corn-r10L-A_v7.scn2 | DP5: Corn-r10U-A_v7.scn2 | DQ5: Corn-r11-A_v7.scn2 | DR5: Corn-r12-A_v7.scn2 | DS5: Corn-r13-A_v7.scn2 | DT5: Corn-r14-A_v7.scn2 | DU5: Corn-r15-A_v7.scn2 | DV5: Corn-r16-A_v7.scn2 | DW5: Corn-r17-A_v7.scn2 | DX5: Corn-r18-A_v7.scn2
A6: 3 | B6: Corn_1 | C6: 1 | D6: 1 | E6: -14 | F6: 0.75 | G6: 2 | H6: 0 | I6: 0 | J6: 6 | K6: 0 | L6: 1 | M6: 0 | N6: 0 | O6: 0 | P6: 0 | Q6: 0 | R6: 0 | S6: 0 | T6: 0 | U6: 0 | V6: 0 | W6: 0 | X6: 0 | Y6: 0 | Z6: 0 | AA6: 0 | AB6: 0 | AC6: 0 | AD6: 0 | AE6: 0 | AF6: 0 | AG6: 0 | AH6: 0 | AI6: 0 | AJ6: 0 | AK6: 0 | AL6: 0 | AM6: 0 | AN6: 0 | AO6: 0 | AP6: 0 | AQ6: 0 | AR6: 0 | AS6: 0 | AT6: 0 | AU6: 0 | AV6: 0 | AW6: 0 | AX6: 0 | AY6: 0 | AZ6: 0 | BA6: 0 | BB6: 0 | BC6: 0 | BD6: 0 | BE6: 0 | BF6: 0 | BG6: 0 | BH6: 0 | BI6: 0 | BJ6: 0 | BK6: 0 | BL6: 0 | BM6: 0 | BN6: 0 | BO6: 0 | BP6: 0 | BQ6: 0 | BR6: 0 | BS6: 0 | BT6: 0 | BU6: 0 | BV6: 0 | BW6: 0 | BX6: 0 | BY6: 0 | BZ6: 0 | CA6: 0 | CB6: 0 | CC6: 0 | CD6: 0 | CE6: 0 | CF6: 0 | CG6: 0 | CH6: 0 | CI6: 0 | CJ6: 0 | CK6: 0 | CL6: 0 | CM6: 0 | CN6: 0 | CO6: 0 | CP6: 0 | CQ6: TRUE | CR6: 10 | CS6: 1 | CT6: FALSE | CU6: 0 | CV6: 0 | CW6: 0 | CX6: 0 | CY6: 1 | CZ6: 1 | DA6: 1 | DB6: 21 | DC6: C:\models\Inputs\PWC scenario v7 and WeatherFiles\Koc under 100/ | DD6: Corn-r01-A_v7.scn2 | DE6: Corn-r02-A_v7.scn2 | DF6: Corn-r03N-A_v7.scn2 | DG6: Corn-r03S-A_v7.scn2 | DH6: Corn-r03W-A_v7.scn2 | DI6: Corn-r04-A_v7.scn2 | DJ6: Corn-r05-A_v7.scn2 | DK6: Corn-r06-A_v7.scn2 | DL6: Corn-r07-A_v7.scn2 | DM6: Corn-r08-A_v7.scn2 | DN6: Corn-r09-A_v7.scn2 | DO6: Corn-r10L-A_v7.scn2 | DP6: Corn-r10U-A_v7.scn2 | DQ6: Corn-r11-A_v7.scn2 | DR6: Corn-r12-A_v7.scn2 | DS6: Corn-r13-A_v7.scn2 | DT6: Corn-r14-A_v7.scn2 | DU6: Corn-r15-A_v7.scn2 | DV6: Corn-r16-A_v7.scn2 | DW6: Corn-r17-A_v7.scn2 | DX6: Corn-r18-A_v7.scn2
A7: 4 | B7: Corn_1 | C7: 1 | D7: 1 | E7: -14 | F7: 0.75 | G7: 2 | H7: 0 | I7: 0 | J7: 11 | K7: 0 | L7: 1 | M7: 0 | N7: 0 | O7: 0 | P7: 0 | Q7: 0 | R7: 0 | S7: 0 | T7: 0 | U7: 0 | V7: 0 | W7: 0 | X7: 0 | Y7: 0 | Z7: 0 | AA7: 0 | AB7: 0 | AC7: 0 | AD7: 0 | AE7: 0 | AF7: 0 | AG7: 0 | AH7: 0 | AI7: 0 | AJ7: 0 | AK7: 0 | AL7: 0 | AM7: 0 | AN7: 0 | AO7: 0 | AP7: 0 | AQ7: 0 | AR7: 0 | AS7: 0 | AT7: 0 | AU7: 0 | AV7: 0 | AW7: 0 | AX7: 0 | AY7: 0 | AZ7: 0 | BA7: 0 | BB7: 0 | BC7: 0 | BD7: 0 | BE7: 0 | BF7: 0 | BG7: 0 | BH7: 0 | BI7: 0 | BJ7: 0 | BK7: 0 | BL7: 0 | BM7: 0 | BN7: 0 | BO7: 0 | BP7: 0 | BQ7: 0 | BR7: 0 | BS7: 0 | BT7: 0 | BU7: 0 | BV7: 0 | BW7: 0 | BX7: 0 | BY7: 0 | BZ7: 0 | CA7: 0 | CB7: 0 | CC7: 0 | CD7: 0 | CE7: 0 | CF7: 0 | CG7: 0 | CH7: 0 | CI7: 0 | CJ7: 0 | CK7: 0 | CL7: 0 | CM7: 0 | CN7: 0 | CO7: 0 | CP7: 0 | CQ7: TRUE | CR7: 10 | CS7: 1 | CT7: FALSE | CU7: 0 | CV7: 0 | CW7: 0 | CX7: 0 | CY7: 1 | CZ7: 1 | DA7: 1 | DB7: 21 | DC7: C:\models\Inputs\PWC scenario v7 and WeatherFiles\Koc under 100/ | DD7: Corn-r01-A_v7.scn2 | DE7: Corn-r02-A_v7.scn2 | DF7: Corn-r03N-A_v7.scn2 | DG7: Corn-r03S-A_v7.scn2 | DH7: Corn-r03W-A_v7.scn2 | DI7: Corn-r04-A_v7.scn2 | DJ7: Corn-r05-A_v7.scn2 | DK7: Corn-r06-A_v7.scn2 | DL7: Corn-r07-A_v7.scn2 | DM7: Corn-r08-A_v7.scn2 | DN7: Corn-r09-A_v7.scn2 | DO7: Corn-r10L-A_v7.scn2 | DP7: Corn-r10U-A_v7.scn2 | DQ7: Corn-r11-A_v7.scn2 | DR7: Corn-r12-A_v7.scn2 | DS7: Corn-r13-A_v7.scn2 | DT7: Corn-r14-A_v7.scn2 | DU7: Corn-r15-A_v7.scn2 | DV7: Corn-r16-A_v7.scn2 | DW7: Corn-r17-A_v7.scn2 | DX7: Corn-r18-A_v7.scn2
A8: 5 | B8: Corn_1 | C8: 1 | D8: 1 | E8: -14 | F8: 0.75 | G8: 2 | H8: 0 | I8: 0 | J8: 15 | K8: 0 | L8: 1 | M8: 0 | N8: 0 | O8: 0 | P8: 0 | Q8: 0 | R8: 0 | S8: 0 | T8: 0 | U8: 0 | V8: 0 | W8: 0 | X8: 0 | Y8: 0 | Z8: 0 | AA8: 0 | AB8: 0 | AC8: 0 | AD8: 0 | AE8: 0 | AF8: 0 | AG8: 0 | AH8: 0 | AI8: 0 | AJ8: 0 | AK8: 0 | AL8: 0 | AM8: 0 | AN8: 0 | AO8: 0 | AP8: 0 | AQ8: 0 | AR8: 0 | AS8: 0 | AT8: 0 | AU8: 0 | AV8: 0 | AW8: 0 | AX8: 0 | AY8: 0 | AZ8: 0 | BA8: 0 | BB8: 0 | BC8: 0 | BD8: 0 | BE8: 0 | BF8: 0 | BG8: 0 | BH8: 0 | BI8: 0 | BJ8: 0 | BK8: 0 | BL8: 0 | BM8: 0 | BN8: 0 | BO8: 0 | BP8: 0 | BQ8: 0 | BR8: 0 | BS8: 0 | BT8: 0 | BU8: 0 | BV8: 0 | BW8: 0 | BX8: 0 | BY8: 0 | BZ8: 0 | CA8: 0 | CB8: 0 | CC8: 0 | CD8: 0 | CE8: 0 | CF8: 0 | CG8: 0 | CH8: 0 | CI8: 0 | CJ8: 0 | CK8: 0 | CL8: 0 | CM8: 0 | CN8: 0 | CO8: 0 | CP8: 0 | CQ8: TRUE | CR8: 10 | CS8: 1 | CT8: FALSE | CU8: 0 | CV8: 0 | CW8: 0 | CX8: 0 | CY8: 1 | CZ8: 1 | DA8: 1 | DB8: 21 | DC8: C:\models\Inputs\PWC scenario v7 and WeatherFiles\Koc under 100/ | DD8: Corn-r01-A_v7.scn2 | DE8: Corn-r02-A_v7.scn2 | DF8: Corn-r03N-A_v7.scn2 | DG8: Corn-r03S-A_v7.scn2 | DH8: Corn-r03W-A_v7.scn2 | DI8: Corn-r04-A_v7.scn2 | DJ8: Corn-r05-A_v7.scn2 | DK8: Corn-r06-A_v7.scn2 | DL8: Corn-r07-A_v7.scn2 | DM8: Corn-r08-A_v7.scn2 | DN8: Corn-r09-A_v7.scn2 | DO8: Corn-r10L-A_v7.scn2 | DP8: Corn-r10U-A_v7.scn2 | DQ8: Corn-r11-A_v7.scn2 | DR8: Corn-r12-A_v7.scn2 | DS8: Corn-r13-A_v7.scn2 | DT8: Corn-r14-A_v7.scn2 | DU8: Corn-r15-A_v7.scn2 | DV8: Corn-r16-A_v7.scn2 | DW8: Corn-r17-A_v7.scn2 | DX8: Corn-r18-A_v7.scn2
A9: 6 | B9: Soybean (Glycine max)_2 | C9: 1 | D9: 3 | E9: 0 | F9: 1.125 | G9: 2 | H9: 0 | I9: 0 | J9: 1 | K9: 0 | L9: 1 | M9: 0 | N9: 7 | O9: 1 | P9: 2 | Q9: 0 | R9: 0 | S9: 1 | T9: 0 | U9: 1 | V9: 0 | W9: 14 | X9: 0.875 | Y9: 2 | Z9: 0 | AA9: 0 | AB9: 1 | AC9: 0 | AD9: 1 | AE9: 0 | AF9: 0 | AG9: 0 | AH9: 0 | AI9: 0 | AJ9: 0 | AK9: 0 | AL9: 0 | AM9: 0 | AN9: 0 | AO9: 0 | AP9: 0 | AQ9: 0 | AR9: 0 | AS9: 0 | AT9: 0 | AU9: 0 | AV9: 0 | AW9: 0 | AX9: 0 | AY9: 0 | AZ9: 0 | BA9: 0 | BB9: 0 | BC9: 0 | BD9: 0 | BE9: 0 | BF9: 0 | BG9: 0 | BH9: 0 | BI9: 0 | BJ9: 0 | BK9: 0 | BL9: 0 | BM9: 0 | BN9: 0 | BO9: 0 | BP9: 0 | BQ9: 0 | BR9: 0 | BS9: 0 | BT9: 0 | BU9: 0 | BV9: 0 | BW9: 0 | BX9: 0 | BY9: 0 | BZ9: 0 | CA9: 0 | CB9: 0 | CC9: 0 | CD9: 0 | CE9: 0 | CF9: 0 | CG9: 0 | CH9: 0 | CI9: 0 | CJ9: 0 | CK9: 0 | CL9: 0 | CM9: 0 | CN9: 0 | CO9: 0 | CP9: 0 | CQ9: TRUE | CR9: 76 | CS9: 1 | CT9: FALSE | CU9: 0 | CV9: 0 | CW9: 0 | CX9: 0 | CY9: 1 | CZ9: 1 | DA9: 1 | DB9: 18 | DC9: C:\models\Inputs\PWC scenario v7 and WeatherFiles\Koc under 100/ | DD9: Soybean-r01-A_v7.scn2 | DE9: Soybean-r02-A_v7.scn2 | DF9: Soybean-r03N-A_v7.scn2 | DG9: Soybean-r03S-A_v7.scn2 | DH9: Soybean-r03W-A_v7.scn2 | DI9: Soybean-r04-A_v7.scn2 | DJ9: Soybean-r05-A_v7.scn2 | DK9: Soybean-r06-A_v7.scn2 | DL9: Soybean-r07-A_v7.scn2 | DM9: Soybean-r08-A_v7.scn2 | DN9: Soybean-r09-A_v7.scn2 | DO9: Soybean-r10L-A_v7.scn2 | DP9: Soybean-r10U-A_v7.scn2 | DQ9: Soybean-r11-A_v7.scn2 | DR9: Soybean-r12-A_v7.scn2 | DS9: Soybean-r13-A_v7.scn2 | DT9: Soybean-r14-A_v7.scn2 | DU9: Soybean-r17-A_v7.scn2
A10: 7 | B10: Soybean (Glycine max)_2 | C10: 1 | D10: 3 | E10: 0 | F10: 1.125 | G10: 2 | H10: 0 | I10: 0 | J10: 5 | K10: 0 | L10: 1 | M10: 0 | N10: 7 | O10: 1 | P10: 2 | Q10: 0 | R10: 0 | S10: 5 | T10: 0 | U10: 1 | V10: 0 | W10: 14 | X10: 0.875 | Y10: 2 | Z10: 0 | AA10: 0 | AB10: 5 | AC10: 0 | AD10: 1 | AE10: 0 | AF10: 0 | AG10: 0 | AH10: 0 | AI10: 0 | AJ10: 0 | AK10: 0 | AL10: 0 | AM10: 0 | AN10: 0 | AO10: 0 | AP10: 0 | AQ10: 0 | AR10: 0 | AS10: 0 | AT10: 0 | AU10: 0 | AV10: 0 | AW10: 0 | AX10: 0 | AY10: 0 | AZ10: 0 | BA10: 0 | BB10: 0 | BC10: 0 | BD10: 0 | BE10: 0 | BF10: 0 | BG10: 0 | BH10: 0 | BI10: 0 | BJ10: 0 | BK10: 0 | BL10: 0 | BM10: 0 | BN10: 0 | BO10: 0 | BP10: 0 | BQ10: 0 | BR10: 0 | BS10: 0 | BT10: 0 | BU10: 0 | BV10: 0 | BW10: 0 | BX10: 0 | BY10: 0 | BZ10: 0 | CA10: 0 | CB10: 0 | CC10: 0 | CD10: 0 | CE10: 0 | CF10: 0 | CG10: 0 | CH10: 0 | CI10: 0 | CJ10: 0 | CK10: 0 | CL10: 0 | CM10: 0 | CN10: 0 | CO10: 0 | CP10: 0 | CQ10: TRUE | CR10: 76 | CS10: 1 | CT10: FALSE | CU10: 0 | CV10: 0 | CW10: 0 | CX10: 0 | CY10: 1 | CZ10: 1 | DA10: 1 | DB10: 18 | DC10: C:\models\Inputs\PWC scenario v7 and WeatherFiles\Koc under 100/ | DD10: Soybean-r01-A_v7.scn2 | DE10: Soybean-r02-A_v7.scn2 | DF10: Soybean-r03N-A_v7.scn2 | DG10: Soybean-r03S-A_v7.scn2 | DH10: Soybean-r03W-A_v7.scn2 | DI10: Soybean-r04-A_v7.scn2 | DJ10: Soybean-r05-A_v7.scn2 | DK10: Soybean-r06-A_v7.scn2 | DL10: Soybean-r07-A_v7.scn2 | DM10: Soybean-r08-A_v7.scn2 | DN10: Soybean-r09-A_v7.scn2 | DO10: Soybean-r10L-A_v7.scn2 | DP10: Soybean-r10U-A_v7.scn2 | DQ10: Soybean-r11-A_v7.scn2 | DR10: Soybean-r12-A_v7.scn2 | DS10: Soybean-r13-A_v7.scn2 | DT10: Soybean-r14-A_v7.scn2 | DU10: Soybean-r17-A_v7.scn2
A11: 8 | B11: Soybean (Glycine max)_2 | C11: 1 | D11: 3 | E11: 0 | F11: 1.125 | G11: 2 | H11: 0 | I11: 0 | J11: 15 | K11: 0 | L11: 1 | M11: 0 | N11: 7 | O11: 1 | P11: 2 | Q11: 0 | R11: 0 | S11: 15 | T11: 0 | U11: 1 | V11: 0 | W11: 14 | X11: 0.875 | Y11: 2 | Z11: 0 | AA11: 0 | AB11: 15 | AC11: 0 | AD11: 1 | AE11: 0 | AF11: 0 | AG11: 0 | AH11: 0 | AI11: 0 | AJ11: 0 | AK11: 0 | AL11: 0 | AM11: 0 | AN11: 0 | AO11: 0 | AP11: 0 | AQ11: 0 | AR11: 0 | AS11: 0 | AT11: 0 | AU11: 0 | AV11: 0 | AW11: 0 | AX11: 0 | AY11: 0 | AZ11: 0 | BA11: 0 | BB11: 0 | BC11: 0 | BD11: 0 | BE11: 0 | BF11: 0 | BG11: 0 | BH11: 0 | BI11: 0 | BJ11: 0 | BK11: 0 | BL11: 0 | BM11: 0 | BN11: 0 | BO11: 0 | BP11: 0 | BQ11: 0 | BR11: 0 | BS11: 0 | BT11: 0 | BU11: 0 | BV11: 0 | BW11: 0 | BX11: 0 | BY11: 0 | BZ11: 0 | CA11: 0 | CB11: 0 | CC11: 0 | CD11: 0 | CE11: 0 | CF11: 0 | CG11: 0 | CH11: 0 | CI11: 0 | CJ11: 0 | CK11: 0 | CL11: 0 | CM11: 0 | CN11: 0 | CO11: 0 | CP11: 0 | CQ11: TRUE | CR11: 76 | CS11: 1 | CT11: FALSE | CU11: 0 | CV11: 0 | CW11: 0 | CX11: 0 | CY11: 1 | CZ11: 1 | DA11: 1 | DB11: 18 | DC11: C:\models\Inputs\PWC scenario v7 and WeatherFiles\Koc under 100/ | DD11: Soybean-r01-A_v7.scn2 | DE11: Soybean-r02-A_v7.scn2 | DF11: Soybean-r03N-A_v7.scn2 | DG11: Soybean-r03S-A_v7.scn2 | DH11: Soybean-r03W-A_v7.scn2 | DI11: Soybean-r04-A_v7.scn2 | DJ11: Soybean-r05-A_v7.scn2 | DK11: Soybean-r06-A_v7.scn2 | DL11: Soybean-r07-A_v7.scn2 | DM11: Soybean-r08-A_v7.scn2 | DN11: Soybean-r09-A_v7.scn2 | DO11: Soybean-r10L-A_v7.scn2 | DP11: Soybean-r10U-A_v7.scn2 | DQ11: Soybean-r11-A_v7.scn2 | DR11: Soybean-r12-A_v7.scn2 | DS11: Soybean-r13-A_v7.scn2 | DT11: Soybean-r14-A_v7.scn2 | DU11: Soybean-r17-A_v7.scn2
A12: 9 | B12: Almond_3 | C12: 1 | D12: 1 | E12: 1 | F12: 1 | G12: 2 | H12: 0 | I12: 0 | J12: 2 | K12: 0 | L12: 1 | M12: 0 | N12: 0 | O12: 0 | P12: 0 | Q12: 0 | R12: 0 | S12: 0 | T12: 0 | U12: 0 | V12: 0 | W12: 0 | X12: 0 | Y12: 0 | Z12: 0 | AA12: 0 | AB12: 0 | AC12: 0 | AD12: 0 | AE12: 0 | AF12: 0 | AG12: 0 | AH12: 0 | AI12: 0 | AJ12: 0 | AK12: 0 | AL12: 0 | AM12: 0 | AN12: 0 | AO12: 0 | AP12: 0 | AQ12: 0 | AR12: 0 | AS12: 0 | AT12: 0 | AU12: 0 | AV12: 0 | AW12: 0 | AX12: 0 | AY12: 0 | AZ12: 0 | BA12: 0 | BB12: 0 | BC12: 0 | BD12: 0 | BE12: 0 | BF12: 0 | BG12: 0 | BH12: 0 | BI12: 0 | BJ12: 0 | BK12: 0 | BL12: 0 | BM12: 0 | BN12: 0 | BO12: 0 | BP12: 0 | BQ12: 0 | BR12: 0 | BS12: 0 | BT12: 0 | BU12: 0 | BV12: 0 | BW12: 0 | BX12: 0 | BY12: 0 | BZ12: 0 | CA12: 0 | CB12: 0 | CC12: 0 | CD12: 0 | CE12: 0 | CF12: 0 | CG12: 0 | CH12: 0 | CI12: 0 | CJ12: 0 | CK12: 0 | CL12: 0 | CM12: 0 | CN12: 0 | CO12: 0 | CP12: 0 | CQ12: TRUE | CR12: 89 | CS12: 1 | CT12: FALSE | CU12: 0 | CV12: 0 | CW12: 0 | CX12: 0 | CY12: 1 | CZ12: 1 | DA12: 1 | DB12: 21 | DC12: C:\models\Inputs\PWC scenario v7 and WeatherFiles\Koc under 100/ | DD12: Orchard deciduous-r01-A_v7.scn2 | DE12: Orchard deciduous-r02-A_v7.scn2 | DF12: Orchard deciduous-r03N-A_v7.scn2 | DG12: Orchard deciduous-r03S-A_v7.scn2 | DH12: Orchard deciduous-r03W-A_v7.scn2 | DI12: Orchard deciduous-r04-A_v7.scn2 | DJ12: Orchard deciduous-r05-A_v7.scn2 | DK12: Orchard deciduous-r06-A_v7.scn2 | DL12: Orchard deciduous-r07-A_v7.scn2 | DM12: Orchard deciduous-r08-A_v7.scn2 | DN12: Orchard deciduous-r09-A_v7.scn2 | DO12: Orchard deciduous-r10L-A_v7.scn2 | DP12: Orchard deciduous-r10U-A_v7.scn2 | DQ12: Orchard deciduous-r11-A_v7.scn2 | DR12: Orchard deciduous-r12-A_v7.scn2 | DS12: Orchard deciduous-r13-A_v7.scn2 | DT12: Orchard deciduous-r14-A_v7.scn2 | DU12: Orchard deciduous-r15-A_v7.scn2 | DV12: Orchard deciduous-r16-A_v7.scn2 | DW12: Orchard deciduous-r17-A_v7.scn2 | DX12: Orchard deciduous-r18-A_v7.scn2
A13: 10 | B13: Almond_3 | C13: 1 | D13: 1 | E13: 1 | F13: 1 | G13: 2 | H13: 0 | I13: 0 | J13: 7 | K13: 0 | L13: 1 | M13: 0 | N13: 0 | O13: 0 | P13: 0 | Q13: 0 | R13: 0 | S13: 0 | T13: 0 | U13: 0 | V13: 0 | W13: 0 | X13: 0 | Y13: 0 | Z13: 0 | AA13: 0 | AB13: 0 | AC13: 0 | AD13: 0 | AE13: 0 | AF13: 0 | AG13: 0 | AH13: 0 | AI13: 0 | AJ13: 0 | AK13: 0 | AL13: 0 | AM13: 0 | AN13: 0 | AO13: 0 | AP13: 0 | AQ13: 0 | AR13: 0 | AS13: 0 | AT13: 0 | AU13: 0 | AV13: 0 | AW13: 0 | AX13: 0 | AY13: 0 | AZ13: 0 | BA13: 0 | BB13: 0 | BC13: 0 | BD13: 0 | BE13: 0 | BF13: 0 | BG13: 0 | BH13: 0 | BI13: 0 | BJ13: 0 | BK13: 0 | BL13: 0 | BM13: 0 | BN13: 0 | BO13: 0 | BP13: 0 | BQ13: 0 | BR13: 0 | BS13: 0 | BT13: 0 | BU13: 0 | BV13: 0 | BW13: 0 | BX13: 0 | BY13: 0 | BZ13: 0 | CA13: 0 | CB13: 0 | CC13: 0 | CD13: 0 | CE13: 0 | CF13: 0 | CG13: 0 | CH13: 0 | CI13: 0 | CJ13: 0 | CK13: 0 | CL13: 0 | CM13: 0 | CN13: 0 | CO13: 0 | CP13: 0 | CQ13: TRUE | CR13: 89 | CS13: 1 | CT13: FALSE | CU13: 0 | CV13: 0 | CW13: 0 | CX13: 0 | CY13: 1 | CZ13: 1 | DA13: 1 | DB13: 21 | DC13: C:\models\Inputs\PWC scenario v7 and WeatherFiles\Koc under 100/ | DD13: Orchard deciduous-r01-A_v7.scn2 | DE13: Orchard deciduous-r02-A_v7.scn2 | DF13: Orchard deciduous-r03N-A_v7.scn2 | DG13: Orchard deciduous-r03S-A_v7.scn2 | DH13: Orchard deciduous-r03W-A_v7.scn2 | DI13: Orchard deciduous-r04-A_v7.scn2 | DJ13: Orchard deciduous-r05-A_v7.scn2 | DK13: Orchard deciduous-r06-A_v7.scn2 | DL13: Orchard deciduous-r07-A_v7.scn2 | DM13: Orchard deciduous-r08-A_v7.scn2 | DN13: Orchard deciduous-r09-A_v7.scn2 | DO13: Orchard deciduous-r10L-A_v7.scn2 | DP13: Orchard deciduous-r10U-A_v7.scn2 | DQ13: Orchard deciduous-r11-A_v7.scn2 | DR13: Orchard deciduous-r12-A_v7.scn2 | DS13: Orchard deciduous-r13-A_v7.scn2 | DT13: Orchard deciduous-r14-A_v7.scn2 | DU13: Orchard deciduous-r15-A_v7.scn2 | DV13: Orchard deciduous-r16-A_v7.scn2 | DW13: Orchard deciduous-r17-A_v7.scn2 | DX13: Orchard deciduous-r18-A_v7.scn2
A14: 11 | B14: Almond_3 | C14: 1 | D14: 1 | E14: 1 | F14: 1 | G14: 2 | H14: 0 | I14: 0 | J14: 11 | K14: 0 | L14: 1 | M14: 0 | N14: 0 | O14: 0 | P14: 0 | Q14: 0 | R14: 0 | S14: 0 | T14: 0 | U14: 0 | V14: 0 | W14: 0 | X14: 0 | Y14: 0 | Z14: 0 | AA14: 0 | AB14: 0 | AC14: 0 | AD14: 0 | AE14: 0 | AF14: 0 | AG14: 0 | AH14: 0 | AI14: 0 | AJ14: 0 | AK14: 0 | AL14: 0 | AM14: 0 | AN14: 0 | AO14: 0 | AP14: 0 | AQ14: 0 | AR14: 0 | AS14: 0 | AT14: 0 | AU14: 0 | AV14: 0 | AW14: 0 | AX14: 0 | AY14: 0 | AZ14: 0 | BA14: 0 | BB14: 0 | BC14: 0 | BD14: 0 | BE14: 0 | BF14: 0 | BG14: 0 | BH14: 0 | BI14: 0 | BJ14: 0 | BK14: 0 | BL14: 0 | BM14: 0 | BN14: 0 | BO14: 0 | BP14: 0 | BQ14: 0 | BR14: 0 | BS14: 0 | BT14: 0 | BU14: 0 | BV14: 0 | BW14: 0 | BX14: 0 | BY14: 0 | BZ14: 0 | CA14: 0 | CB14: 0 | CC14: 0 | CD14: 0 | CE14: 0 | CF14: 0 | CG14: 0 | CH14: 0 | CI14: 0 | CJ14: 0 | CK14: 0 | CL14: 0 | CM14: 0 | CN14: 0 | CO14: 0 | CP14: 0 | CQ14: TRUE | CR14: 89 | CS14: 1 | CT14: FALSE | CU14: 0 | CV14: 0 | CW14: 0 | CX14: 0 | CY14: 1 | CZ14: 1 | DA14: 1 | DB14: 21 | DC14: C:\models\Inputs\PWC scenario v7 and WeatherFiles\Koc under 100/ | DD14: Orchard deciduous-r01-A_v7.scn2 | DE14: Orchard deciduous-r02-A_v7.scn2 | DF14: Orchard deciduous-r03N-A_v7.scn2 | DG14: Orchard deciduous-r03S-A_v7.scn2 | DH14: Orchard deciduous-r03W-A_v7.scn2 | DI14: Orchard deciduous-r04-A_v7.scn2 | DJ14: Orchard deciduous-r05-A_v7.scn2 | DK14: Orchard deciduous-r06-A_v7.scn2 | DL14: Orchard deciduous-r07-A_v7.scn2 | DM14: Orchard deciduous-r08-A_v7.scn2 | DN14: Orchard deciduous-r09-A_v7.scn2 | DO14: Orchard deciduous-r10L-A_v7.scn2 | DP14: Orchard deciduous-r10U-A_v7.scn2 | DQ14: Orchard deciduous-r11-A_v7.scn2 | DR14: Orchard deciduous-r12-A_v7.scn2 | DS14: Orchard deciduous-r13-A_v7.scn2 | DT14: Orchard deciduous-r14-A_v7.scn2 | DU14: Orchard deciduous-r15-A_v7.scn2 | DV14: Orchard deciduous-r16-A_v7.scn2 | DW14: Orchard deciduous-r17-A_v7.scn2 | DX14: Orchard deciduous-r18-A_v7.scn2
A15: 12 | B15: Almond_3 | C15: 1 | D15: 1 | E15: 1 | F15: 1 | G15: 2 | H15: 0 | I15: 0 | J15: 15 | K15: 0 | L15: 1 | M15: 0 | N15: 0 | O15: 0 | P15: 0 | Q15: 0 | R15: 0 | S15: 0 | T15: 0 | U15: 0 | V15: 0 | W15: 0 | X15: 0 | Y15: 0 | Z15: 0 | AA15: 0 | AB15: 0 | AC15: 0 | AD15: 0 | AE15: 0 | AF15: 0 | AG15: 0 | AH15: 0 | AI15: 0 | AJ15: 0 | AK15: 0 | AL15: 0 | AM15: 0 | AN15: 0 | AO15: 0 | AP15: 0 | AQ15: 0 | AR15: 0 | AS15: 0 | AT15: 0 | AU15: 0 | AV15: 0 | AW15: 0 | AX15: 0 | AY15: 0 | AZ15: 0 | BA15: 0 | BB15: 0 | BC15: 0 | BD15: 0 | BE15: 0 | BF15: 0 | BG15: 0 | BH15: 0 | BI15: 0 | BJ15: 0 | BK15: 0 | BL15: 0 | BM15: 0 | BN15: 0 | BO15: 0 | BP15: 0 | BQ15: 0 | BR15: 0 | BS15: 0 | BT15: 0 | BU15: 0 | BV15: 0 | BW15: 0 | BX15: 0 | BY15: 0 | BZ15: 0 | CA15: 0 | CB15: 0 | CC15: 0 | CD15: 0 | CE15: 0 | CF15: 0 | CG15: 0 | CH15: 0 | CI15: 0 | CJ15: 0 | CK15: 0 | CL15: 0 | CM15: 0 | CN15: 0 | CO15: 0 | CP15: 0 | CQ15: TRUE | CR15: 89 | CS15: 1 | CT15: FALSE | CU15: 0 | CV15: 0 | CW15: 0 | CX15: 0 | CY15: 1 | CZ15: 1 | DA15: 1 | DB15: 21 | DC15: C:\models\Inputs\PWC scenario v7 and WeatherFiles\Koc under 100/ | DD15: Orchard deciduous-r01-A_v7.scn2 | DE15: Orchard deciduous-r02-A_v7.scn2 | DF15: Orchard deciduous-r03N-A_v7.scn2 | DG15: Orchard deciduous-r03S-A_v7.scn2 | DH15: Orchard deciduous-r03W-A_v7.scn2 | DI15: Orchard deciduous-r04-A_v7.scn2 | DJ15: Orchard deciduous-r05-A_v7.scn2 | DK15: Orchard deciduous-r06-A_v7.scn2 | DL15: Orchard deciduous-r07-A_v7.scn2 | DM15: Orchard deciduous-r08-A_v7.scn2 | DN15: Orchard deciduous-r09-A_v7.scn2 | DO15: Orchard deciduous-r10L-A_v7.scn2 | DP15: Orchard deciduous-r10U-A_v7.scn2 | DQ15: Orchard deciduous-r11-A_v7.scn2 | DR15: Orchard deciduous-r12-A_v7.scn2 | DS15: Orchard deciduous-r13-A_v7.scn2 | DT15: Orchard deciduous-r14-A_v7.scn2 | DU15: Orchard deciduous-r15-A_v7.scn2 | DV15: Orchard deciduous-r16-A_v7.scn2 | DW15: Orchard deciduous-r17-A_v7.scn2 | DX15: Orchard deciduous-r18-A_v7.scn2
A16: 13 | B16: Citrus hybrids, Citrus spp. Eremocitrus spp., Fortunella spp., Microcitrus spp., and Poncirus spp_4 | C16: 1 | D16: 2 | E16: -28 | F16: 0.5 | G16: 2 | H16: 0 | I16: 0 | J16: 4 | K16: 0 | L16: 1 | M16: 0 | N16: -14 | O16: 1 | P16: 2 | Q16: 0 | R16: 0 | S16: 4 | T16: 0 | U16: 1 | V16: 0 | W16: 0 | X16: 0 | Y16: 0 | Z16: 0 | AA16: 0 | AB16: 0 | AC16: 0 | AD16: 0 | AE16: 0 | AF16: 0 | AG16: 0 | AH16: 0 | AI16: 0 | AJ16: 0 | AK16: 0 | AL16: 0 | AM16: 0 | AN16: 0 | AO16: 0 | AP16: 0 | AQ16: 0 | AR16: 0 | AS16: 0 | AT16: 0 | AU16: 0 | AV16: 0 | AW16: 0 | AX16: 0 | AY16: 0 | AZ16: 0 | BA16: 0 | BB16: 0 | BC16: 0 | BD16: 0 | BE16: 0 | BF16: 0 | BG16: 0 | BH16: 0 | BI16: 0 | BJ16: 0 | BK16: 0 | BL16: 0 | BM16: 0 | BN16: 0 | BO16: 0 | BP16: 0 | BQ16: 0 | BR16: 0 | BS16: 0 | BT16: 0 | BU16: 0 | BV16: 0 | BW16: 0 | BX16: 0 | BY16: 0 | BZ16: 0 | CA16: 0 | CB16: 0 | CC16: 0 | CD16: 0 | CE16: 0 | CF16: 0 | CG16: 0 | CH16: 0 | CI16: 0 | CJ16: 0 | CK16: 0 | CL16: 0 | CM16: 0 | CN16: 0 | CO16: 0 | CP16: 0 | CQ16: TRUE | CR16: 10 | CS16: 1 | CT16: FALSE | CU16: 0 | CV16: 0 | CW16: 0 | CX16: 0 | CY16: 1 | CZ16: 1 | DA16: 1 | DB16: 8 | DC16: C:\models\Inputs\PWC scenario v7 and WeatherFiles\Koc under 100/ | DD16: Orchard evergreen-r03S-A_v7.scn2 | DE16: Orchard evergreen-r03W-A_v7.scn2 | DF16: Orchard evergreen-r11-A_v7.scn2 | DG16: Orchard evergreen-r12-A_v7.scn2 | DH16: Orchard evergreen-r13-A_v7.scn2 | DI16: Orchard evergreen-r15-A_v7.scn2 | DJ16: Orchard evergreen-r16-A_v7.scn2 | DK16: Orchard evergreen-r18-A_v7.scn2
A17: 14 | B17: Citrus hybrids, Citrus spp. Eremocitrus spp., Fortunella spp., Microcitrus spp., and Poncirus spp_4 | C17: 1 | D17: 2 | E17: -28 | F17: 0.5 | G17: 2 | H17: 0 | I17: 0 | J17: 8 | K17: 0 | L17: 1 | M17: 0 | N17: -14 | O17: 1 | P17: 2 | Q17: 0 | R17: 0 | S17: 8 | T17: 0 | U17: 1 | V17: 0 | W17: 0 | X17: 0 | Y17: 0 | Z17: 0 | AA17: 0 | AB17: 0 | AC17: 0 | AD17: 0 | AE17: 0 | AF17: 0 | AG17: 0 | AH17: 0 | AI17: 0 | AJ17: 0 | AK17: 0 | AL17: 0 | AM17: 0 | AN17: 0 | AO17: 0 | AP17: 0 | AQ17: 0 | AR17: 0 | AS17: 0 | AT17: 0 | AU17: 0 | AV17: 0 | AW17: 0 | AX17: 0 | AY17: 0 | AZ17: 0 | BA17: 0 | BB17: 0 | BC17: 0 | BD17: 0 | BE17: 0 | BF17: 0 | BG17: 0 | BH17: 0 | BI17: 0 | BJ17: 0 | BK17: 0 | BL17: 0 | BM17: 0 | BN17: 0 | BO17: 0 | BP17: 0 | BQ17: 0 | BR17: 0 | BS17: 0 | BT17: 0 | BU17: 0 | BV17: 0 | BW17: 0 | BX17: 0 | BY17: 0 | BZ17: 0 | CA17: 0 | CB17: 0 | CC17: 0 | CD17: 0 | CE17: 0 | CF17: 0 | CG17: 0 | CH17: 0 | CI17: 0 | CJ17: 0 | CK17: 0 | CL17: 0 | CM17: 0 | CN17: 0 | CO17: 0 | CP17: 0 | CQ17: TRUE | CR17: 10 | CS17: 1 | CT17: FALSE | CU17: 0 | CV17: 0 | CW17: 0 | CX17: 0 | CY17: 1 | CZ17: 1 | DA17: 1 | DB17: 8 | DC17: C:\models\Inputs\PWC scenario v7 and WeatherFiles\Koc under 100/ | DD17: Orchard evergreen-r03S-A_v7.scn2 | DE17: Orchard evergreen-r03W-A_v7.scn2 | DF17: Orchard evergreen-r11-A_v7.scn2 | DG17: Orchard evergreen-r12-A_v7.scn2 | DH17: Orchard evergreen-r13-A_v7.scn2 | DI17: Orchard evergreen-r15-A_v7.scn2 | DJ17: Orchard evergreen-r16-A_v7.scn2 | DK17: Orchard evergreen-r18-A_v7.scn2
A18: 15 | B18: Citrus hybrids, Citrus spp. Eremocitrus spp., Fortunella spp., Microcitrus spp., and Poncirus spp_4 | C18: 1 | D18: 2 | E18: -28 | F18: 0.5 | G18: 2 | H18: 0 | I18: 0 | J18: 15 | K18: 0 | L18: 1 | M18: 0 | N18: -14 | O18: 1 | P18: 2 | Q18: 0 | R18: 0 | S18: 15 | T18: 0 | U18: 1 | V18: 0 | W18: 0 | X18: 0 | Y18: 0 | Z18: 0 | AA18: 0 | AB18: 0 | AC18: 0 | AD18: 0 | AE18: 0 | AF18: 0 | AG18: 0 | AH18: 0 | AI18: 0 | AJ18: 0 | AK18: 0 | AL18: 0 | AM18: 0 | AN18: 0 | AO18: 0 | AP18: 0 | AQ18: 0 | AR18: 0 | AS18: 0 | AT18: 0 | AU18: 0 | AV18: 0 | AW18: 0 | AX18: 0 | AY18: 0 | AZ18: 0 | BA18: 0 | BB18: 0 | BC18: 0 | BD18: 0 | BE18: 0 | BF18: 0 | BG18: 0 | BH18: 0 | BI18: 0 | BJ18: 0 | BK18: 0 | BL18: 0 | BM18: 0 | BN18: 0 | BO18: 0 | BP18: 0 | BQ18: 0 | BR18: 0 | BS18: 0 | BT18: 0 | BU18: 0 | BV18: 0 | BW18: 0 | BX18: 0 | BY18: 0 | BZ18: 0 | CA18: 0 | CB18: 0 | CC18: 0 | CD18: 0 | CE18: 0 | CF18: 0 | CG18: 0 | CH18: 0 | CI18: 0 | CJ18: 0 | CK18: 0 | CL18: 0 | CM18: 0 | CN18: 0 | CO18: 0 | CP18: 0 | CQ18: TRUE | CR18: 10 | CS18: 1 | CT18: FALSE | CU18: 0 | CV18: 0 | CW18: 0 | CX18: 0 | CY18: 1 | CZ18: 1 | DA18: 1 | DB18: 8 | DC18: C:\models\Inputs\PWC scenario v7 and WeatherFiles\Koc under 100/ | DD18: Orchard evergreen-r03S-A_v7.scn2 | DE18: Orchard evergreen-r03W-A_v7.scn2 | DF18: Orchard evergreen-r11-A_v7.scn2 | DG18: Orchard evergreen-r12-A_v7.scn2 | DH18: Orchard evergreen-r13-A_v7.scn2 | DI18: Orchard evergreen-r15-A_v7.scn2 | DJ18: Orchard evergreen-r16-A_v7.scn2 | DK18: Orchard evergreen-r18-A_v7.scn2
A19: 16 | B19: Blackberry_5 | C19: 1 | D19: 1 | E19: 1 | F19: 1 | G19: 2 | H19: 0 | I19: 0 | J19: 6 | K19: 0 | L19: 1 | M19: 0 | N19: 0 | O19: 0 | P19: 0 | Q19: 0 | R19: 0 | S19: 0 | T19: 0 | U19: 0 | V19: 0 | W19: 0 | X19: 0 | Y19: 0 | Z19: 0 | AA19: 0 | AB19: 0 | AC19: 0 | AD19: 0 | AE19: 0 | AF19: 0 | AG19: 0 | AH19: 0 | AI19: 0 | AJ19: 0 | AK19: 0 | AL19: 0 | AM19: 0 | AN19: 0 | AO19: 0 | AP19: 0 | AQ19: 0 | AR19: 0 | AS19: 0 | AT19: 0 | AU19: 0 | AV19: 0 | AW19: 0 | AX19: 0 | AY19: 0 | AZ19: 0 | BA19: 0 | BB19: 0 | BC19: 0 | BD19: 0 | BE19: 0 | BF19: 0 | BG19: 0 | BH19: 0 | BI19: 0 | BJ19: 0 | BK19: 0 | BL19: 0 | BM19: 0 | BN19: 0 | BO19: 0 | BP19: 0 | BQ19: 0 | BR19: 0 | BS19: 0 | BT19: 0 | BU19: 0 | BV19: 0 | BW19: 0 | BX19: 0 | BY19: 0 | BZ19: 0 | CA19: 0 | CB19: 0 | CC19: 0 | CD19: 0 | CE19: 0 | CF19: 0 | CG19: 0 | CH19: 0 | CI19: 0 | CJ19: 0 | CK19: 0 | CL19: 0 | CM19: 0 | CN19: 0 | CO19: 0 | CP19: 0 | CQ19: TRUE | CR19: 89 | CS19: 1 | CT19: FALSE | CU19: 0 | CV19: 0 | CW19: 0 | CX19: 0 | CY19: 1 | CZ19: 1 | DA19: 1 | DB19: 11 | DC19: C:\models\Inputs\PWC scenario v7 and WeatherFiles\Koc under 100/ | DD19: Small fruit trellised-r01-A_v7.scn2 | DE19: Small fruit trellised-r02-A_v7.scn2 | DF19: Small fruit trellised-r03N-A_v7.scn2 | DG19: Small fruit trellised-r03S-A_v7.scn2 | DH19: Small fruit trellised-r03W-A_v7.scn2 | DI19: Small fruit trellised-r04-A_v7.scn2 | DJ19: Small fruit trellised-r05-A_v7.scn2 | DK19: Small fruit trellised-r06-A_v7.scn2 | DL19: Small fruit trellised-r16-A_v7.scn2 | DM19: Small fruit trellised-r17-A_v7.scn2 | DN19: Small fruit trellised-r18-A_v7.scn2
A20: 17 | B20: Blackberry_5 | C20: 1 | D20: 1 | E20: 1 | F20: 1 | G20: 2 | H20: 0 | I20: 0 | J20: 15 | K20: 0 | L20: 1 | M20: 0 | N20: 0 | O20: 0 | P20: 0 | Q20: 0 | R20: 0 | S20: 0 | T20: 0 | U20: 0 | V20: 0 | W20: 0 | X20: 0 | Y20: 0 | Z20: 0 | AA20: 0 | AB20: 0 | AC20: 0 | AD20: 0 | AE20: 0 | AF20: 0 | AG20: 0 | AH20: 0 | AI20: 0 | AJ20: 0 | AK20: 0 | AL20: 0 | AM20: 0 | AN20: 0 | AO20: 0 | AP20: 0 | AQ20: 0 | AR20: 0 | AS20: 0 | AT20: 0 | AU20: 0 | AV20: 0 | AW20: 0 | AX20: 0 | AY20: 0 | AZ20: 0 | BA20: 0 | BB20: 0 | BC20: 0 | BD20: 0 | BE20: 0 | BF20: 0 | BG20: 0 | BH20: 0 | BI20: 0 | BJ20: 0 | BK20: 0 | BL20: 0 | BM20: 0 | BN20: 0 | BO20: 0 | BP20: 0 | BQ20: 0 | BR20: 0 | BS20: 0 | BT20: 0 | BU20: 0 | BV20: 0 | BW20: 0 | BX20: 0 | BY20: 0 | BZ20: 0 | CA20: 0 | CB20: 0 | CC20: 0 | CD20: 0 | CE20: 0 | CF20: 0 | CG20: 0 | CH20: 0 | CI20: 0 | CJ20: 0 | CK20: 0 | CL20: 0 | CM20: 0 | CN20: 0 | CO20: 0 | CP20: 0 | CQ20: TRUE | CR20: 89 | CS20: 1 | CT20: FALSE | CU20: 0 | CV20: 0 | CW20: 0 | CX20: 0 | CY20: 1 | CZ20: 1 | DA20: 1 | DB20: 11 | DC20: C:\models\Inputs\PWC scenario v7 and WeatherFiles\Koc under 100/ | DD20: Small fruit trellised-r01-A_v7.scn2 | DE20: Small fruit trellised-r02-A_v7.scn2 | DF20: Small fruit trellised-r03N-A_v7.scn2 | DG20: Small fruit trellised-r03S-A_v7.scn2 | DH20: Small fruit trellised-r03W-A_v7.scn2 | DI20: Small fruit trellised-r04-A_v7.scn2 | DJ20: Small fruit trellised-r05-A_v7.scn2 | DK20: Small fruit trellised-r06-A_v7.scn2 | DL20: Small fruit trellised-r16-A_v7.scn2 | DM20: Small fruit trellised-r17-A_v7.scn2 | DN20: Small fruit trellised-r18-A_v7.scn2
A21: 18 | B21: Broccoli_6 | C21: 1 | D21: 1 | E21: -14 | F21: 0.5 | G21: 2 | H21: 0 | I21: 0 | J21: 6 | K21: 0 | L21: 1 | M21: 0 | N21: 0 | O21: 0 | P21: 0 | Q21: 0 | R21: 0 | S21: 0 | T21: 0 | U21: 0 | V21: 0 | W21: 0 | X21: 0 | Y21: 0 | Z21: 0 | AA21: 0 | AB21: 0 | AC21: 0 | AD21: 0 | AE21: 0 | AF21: 0 | AG21: 0 | AH21: 0 | AI21: 0 | AJ21: 0 | AK21: 0 | AL21: 0 | AM21: 0 | AN21: 0 | AO21: 0 | AP21: 0 | AQ21: 0 | AR21: 0 | AS21: 0 | AT21: 0 | AU21: 0 | AV21: 0 | AW21: 0 | AX21: 0 | AY21: 0 | AZ21: 0 | BA21: 0 | BB21: 0 | BC21: 0 | BD21: 0 | BE21: 0 | BF21: 0 | BG21: 0 | BH21: 0 | BI21: 0 | BJ21: 0 | BK21: 0 | BL21: 0 | BM21: 0 | BN21: 0 | BO21: 0 | BP21: 0 | BQ21: 0 | BR21: 0 | BS21: 0 | BT21: 0 | BU21: 0 | BV21: 0 | BW21: 0 | BX21: 0 | BY21: 0 | BZ21: 0 | CA21: 0 | CB21: 0 | CC21: 0 | CD21: 0 | CE21: 0 | CF21: 0 | CG21: 0 | CH21: 0 | CI21: 0 | CJ21: 0 | CK21: 0 | CL21: 0 | CM21: 0 | CN21: 0 | CO21: 0 | CP21: 0 | CQ21: TRUE | CR21: 10 | CS21: 1 | CT21: FALSE | CU21: 0 | CV21: 0 | CW21: 0 | CX21: 0 | CY21: 1 | CZ21: 1 | DA21: 1 | DB21: 21 | DC21: C:\models\Inputs\PWC scenario v7 and WeatherFiles\Koc under 100/ | DD21: Vegetable fresh or processing market-r01-A_v7.scn2 | DE21: Vegetable fresh or processing market-r02-A_v7.scn2 | DF21: Vegetable fresh or processing market-r03N-A_v7.scn2 | DG21: Vegetable fresh or processing market-r03S-A_v7.scn2 | DH21: Vegetable fresh or processing market-r03W-A_v7.scn2 | DI21: Vegetable fresh or processing market-r04-A_v7.scn2 | DJ21: Vegetable fresh or processing market-r05-A_v7.scn2 | DK21: Vegetable fresh or processing market-r06-A_v7.scn2 | DL21: Vegetable fresh or processing market-r07-A_v7.scn2 | DM21: Vegetable fresh or processing market-r08-A_v7.scn2 | DN21: Vegetable fresh or processing market-r09-A_v7.scn2 | DO21: Vegetable fresh or processing market-r10L-A_v7.scn2 | DP21: Vegetable fresh or processing market-r10U-A_v7.scn2 | DQ21: Vegetable fresh or processing market-r11-A_v7.scn2 | DR21: Vegetable fresh or processing market-r12-A_v7.scn2 | DS21: Vegetable fresh or processing market-r13-A_v7.scn2 | DT21: Vegetable fresh or processing market-r14-A_v7.scn2 | DU21: Vegetable fresh or processing market-r15-A_v7.scn2 | DV21: Vegetable fresh or processing market-r16-A_v7.scn2 | DW21: Vegetable fresh or processing market-r17-A_v7.scn2 | DX21: Vegetable fresh or processing market-r18-A_v7.scn2
A22: 19 | B22: Broccoli_6 | C22: 1 | D22: 1 | E22: -14 | F22: 0.5 | G22: 2 | H22: 0 | I22: 0 | J22: 15 | K22: 0 | L22: 1 | M22: 0 | N22: 0 | O22: 0 | P22: 0 | Q22: 0 | R22: 0 | S22: 0 | T22: 0 | U22: 0 | V22: 0 | W22: 0 | X22: 0 | Y22: 0 | Z22: 0 | AA22: 0 | AB22: 0 | AC22: 0 | AD22: 0 | AE22: 0 | AF22: 0 | AG22: 0 | AH22: 0 | AI22: 0 | AJ22: 0 | AK22: 0 | AL22: 0 | AM22: 0 | AN22: 0 | AO22: 0 | AP22: 0 | AQ22: 0 | AR22: 0 | AS22: 0 | AT22: 0 | AU22: 0 | AV22: 0 | AW22: 0 | AX22: 0 | AY22: 0 | AZ22: 0 | BA22: 0 | BB22: 0 | BC22: 0 | BD22: 0 | BE22: 0 | BF22: 0 | BG22: 0 | BH22: 0 | BI22: 0 | BJ22: 0 | BK22: 0 | BL22: 0 | BM22: 0 | BN22: 0 | BO22: 0 | BP22: 0 | BQ22: 0 | BR22: 0 | BS22: 0 | BT22: 0 | BU22: 0 | BV22: 0 | BW22: 0 | BX22: 0 | BY22: 0 | BZ22: 0 | CA22: 0 | CB22: 0 | CC22: 0 | CD22: 0 | CE22: 0 | CF22: 0 | CG22: 0 | CH22: 0 | CI22: 0 | CJ22: 0 | CK22: 0 | CL22: 0 | CM22: 0 | CN22: 0 | CO22: 0 | CP22: 0 | CQ22: TRUE | CR22: 10 | CS22: 1 | CT22: FALSE | CU22: 0 | CV22: 0 | CW22: 0 | CX22: 0 | CY22: 1 | CZ22: 1 | DA22: 1 | DB22: 21 | DC22: C:\models\Inputs\PWC scenario v7 and WeatherFiles\Koc under 100/ | DD22: Vegetable fresh or processing market-r01-A_v7.scn2 | DE22: Vegetable fresh or processing market-r02-A_v7.scn2 | DF22: Vegetable fresh or processing market-r03N-A_v7.scn2 | DG22: Vegetable fresh or processing market-r03S-A_v7.scn2 | DH22: Vegetable fresh or processing market-r03W-A_v7.scn2 | DI22: Vegetable fresh or processing market-r04-A_v7.scn2 | DJ22: Vegetable fresh or processing market-r05-A_v7.scn2 | DK22: Vegetable fresh or processing market-r06-A_v7.scn2 | DL22: Vegetable fresh or processing market-r07-A_v7.scn2 | DM22: Vegetable fresh or processing market-r08-A_v7.scn2 | DN22: Vegetable fresh or processing market-r09-A_v7.scn2 | DO22: Vegetable fresh or processing market-r10L-A_v7.scn2 | DP22: Vegetable fresh or processing market-r10U-A_v7.scn2 | DQ22: Vegetable fresh or processing market-r11-A_v7.scn2 | DR22: Vegetable fresh or processing market-r12-A_v7.scn2 | DS22: Vegetable fresh or processing market-r13-A_v7.scn2 | DT22: Vegetable fresh or processing market-r14-A_v7.scn2 | DU22: Vegetable fresh or processing market-r15-A_v7.scn2 | DV22: Vegetable fresh or processing market-r16-A_v7.scn2 | DW22: Vegetable fresh or processing market-r17-A_v7.scn2 | DX22: Vegetable fresh or processing market-r18-A_v7.scn2
A23: 20 | B23: Garlic, Bulb_7 | C23: 1 | D23: 1 | E23: -14 | F23: 0.25 | G23: 1 | H23: 0 | I23: 0 | J23: 15 | K23: 0 | L23: 1 | M23: 0 | N23: 0 | O23: 0 | P23: 0 | Q23: 0 | R23: 0 | S23: 0 | T23: 0 | U23: 0 | V23: 0 | W23: 0 | X23: 0 | Y23: 0 | Z23: 0 | AA23: 0 | AB23: 0 | AC23: 0 | AD23: 0 | AE23: 0 | AF23: 0 | AG23: 0 | AH23: 0 | AI23: 0 | AJ23: 0 | AK23: 0 | AL23: 0 | AM23: 0 | AN23: 0 | AO23: 0 | AP23: 0 | AQ23: 0 | AR23: 0 | AS23: 0 | AT23: 0 | AU23: 0 | AV23: 0 | AW23: 0 | AX23: 0 | AY23: 0 | AZ23: 0 | BA23: 0 | BB23: 0 | BC23: 0 | BD23: 0 | BE23: 0 | BF23: 0 | BG23: 0 | BH23: 0 | BI23: 0 | BJ23: 0 | BK23: 0 | BL23: 0 | BM23: 0 | BN23: 0 | BO23: 0 | BP23: 0 | BQ23: 0 | BR23: 0 | BS23: 0 | BT23: 0 | BU23: 0 | BV23: 0 | BW23: 0 | BX23: 0 | BY23: 0 | BZ23: 0 | CA23: 0 | CB23: 0 | CC23: 0 | CD23: 0 | CE23: 0 | CF23: 0 | CG23: 0 | CH23: 0 | CI23: 0 | CJ23: 0 | CK23: 0 | CL23: 0 | CM23: 0 | CN23: 0 | CO23: 0 | CP23: 0 | CQ23: TRUE | CR23: 10 | CS23: 1 | CT23: FALSE | CU23: 0 | CV23: 0 | CW23: 0 | CX23: 0 | CY23: 1 | CZ23: 1 | DA23: 1 | DB23: 21 | DC23: C:\models\Inputs\PWC scenario v7 and WeatherFiles\Koc under 100/ | DD23: Vegetable fresh or processing market-r01-A_v7.scn2 | DE23: Vegetable fresh or processing market-r02-A_v7.scn2 | DF23: Vegetable fresh or processing market-r03N-A_v7.scn2 | DG23: Vegetable fresh or processing market-r03S-A_v7.scn2 | DH23: Vegetable fresh or processing market-r03W-A_v7.scn2 | DI23: Vegetable fresh or processing market-r04-A_v7.scn2 | DJ23: Vegetable fresh or processing market-r05-A_v7.scn2 | DK23: Vegetable fresh or processing market-r06-A_v7.scn2 | DL23: Vegetable fresh or processing market-r07-A_v7.scn2 | DM23: Vegetable fresh or processing market-r08-A_v7.scn2 | DN23: Vegetable fresh or processing market-r09-A_v7.scn2 | DO23: Vegetable fresh or processing market-r10L-A_v7.scn2 | DP23: Vegetable fresh or processing market-r10U-A_v7.scn2 | DQ23: Vegetable fresh or processing market-r11-A_v7.scn2 | DR23: Vegetable fresh or processing market-r12-A_v7.scn2 | DS23: Vegetable fresh or processing market-r13-A_v7.scn2 | DT23: Vegetable fresh or processing market-r14-A_v7.scn2 | DU23: Vegetable fresh or processing market-r15-A_v7.scn2 | DV23: Vegetable fresh or processing market-r16-A_v7.scn2 | DW23: Vegetable fresh or processing market-r17-A_v7.scn2 | DX23: Vegetable fresh or processing market-r18-A_v7.scn2
A24: 21 | B24: Wheat, Triticum spp_8 | C24: 1 | D24: 1 | E24: -14 | F24: 1 | G24: 7 | H24: 4 | I24: 0 | J24: 15 | K24: 0 | L24: 1 | M24: 0 | N24: 0 | O24: 0 | P24: 0 | Q24: 0 | R24: 0 | S24: 0 | T24: 0 | U24: 0 | V24: 0 | W24: 0 | X24: 0 | Y24: 0 | Z24: 0 | AA24: 0 | AB24: 0 | AC24: 0 | AD24: 0 | AE24: 0 | AF24: 0 | AG24: 0 | AH24: 0 | AI24: 0 | AJ24: 0 | AK24: 0 | AL24: 0 | AM24: 0 | AN24: 0 | AO24: 0 | AP24: 0 | AQ24: 0 | AR24: 0 | AS24: 0 | AT24: 0 | AU24: 0 | AV24: 0 | AW24: 0 | AX24: 0 | AY24: 0 | AZ24: 0 | BA24: 0 | BB24: 0 | BC24: 0 | BD24: 0 | BE24: 0 | BF24: 0 | BG24: 0 | BH24: 0 | BI24: 0 | BJ24: 0 | BK24: 0 | BL24: 0 | BM24: 0 | BN24: 0 | BO24: 0 | BP24: 0 | BQ24: 0 | BR24: 0 | BS24: 0 | BT24: 0 | BU24: 0 | BV24: 0 | BW24: 0 | BX24: 0 | BY24: 0 | BZ24: 0 | CA24: 0 | CB24: 0 | CC24: 0 | CD24: 0 | CE24: 0 | CF24: 0 | CG24: 0 | CH24: 0 | CI24: 0 | CJ24: 0 | CK24: 0 | CL24: 0 | CM24: 0 | CN24: 0 | CO24: 0 | CP24: 0 | CQ24: TRUE | CR24: 10 | CS24: 1 | CT24: FALSE | CU24: 0 | CV24: 0 | CW24: 0 | CX24: 0 | CY24: 1 | CZ24: 1 | DA24: 1 | DB24: 14 | DC24: C:\models\Inputs\PWC scenario v7 and WeatherFiles\Koc under 100/ | DD24: Wheat spring-r01-A_v7.scn2 | DE24: Wheat spring-r04-A_v7.scn2 | DF24: Wheat spring-r07-A_v7.scn2 | DG24: Wheat spring-r09-A_v7.scn2 | DH24: Wheat spring-r10L-A_v7.scn2 | DI24: Wheat spring-r10U-A_v7.scn2 | DJ24: Wheat spring-r11-A_v7.scn2 | DK24: Wheat spring-r12-A_v7.scn2 | DL24: Wheat spring-r13-A_v7.scn2 | DM24: Wheat spring-r14-A_v7.scn2 | DN24: Wheat spring-r15-A_v7.scn2 | DO24: Wheat spring-r16-A_v7.scn2 | DP24: Wheat spring-r17-A_v7.scn2 | DQ24: Wheat spring-r18-A_v7.scn2
A25: 22 | B25: Clover_9 | C25: 1 | D25: 2 | E25: 0 | F25: 1 | G25: 2 | H25: 0 | I25: 0 | J25: 3 | K25: 0 | L25: 1 | M25: 0 | N25: 35 | O25: 1 | P25: 2 | Q25: 0 | R25: 0 | S25: 3 | T25: 0 | U25: 1 | V25: 0 | W25: 0 | X25: 0 | Y25: 0 | Z25: 0 | AA25: 0 | AB25: 0 | AC25: 0 | AD25: 0 | AE25: 0 | AF25: 0 | AG25: 0 | AH25: 0 | AI25: 0 | AJ25: 0 | AK25: 0 | AL25: 0 | AM25: 0 | AN25: 0 | AO25: 0 | AP25: 0 | AQ25: 0 | AR25: 0 | AS25: 0 | AT25: 0 | AU25: 0 | AV25: 0 | AW25: 0 | AX25: 0 | AY25: 0 | AZ25: 0 | BA25: 0 | BB25: 0 | BC25: 0 | BD25: 0 | BE25: 0 | BF25: 0 | BG25: 0 | BH25: 0 | BI25: 0 | BJ25: 0 | BK25: 0 | BL25: 0 | BM25: 0 | BN25: 0 | BO25: 0 | BP25: 0 | BQ25: 0 | BR25: 0 | BS25: 0 | BT25: 0 | BU25: 0 | BV25: 0 | BW25: 0 | BX25: 0 | BY25: 0 | BZ25: 0 | CA25: 0 | CB25: 0 | CC25: 0 | CD25: 0 | CE25: 0 | CF25: 0 | CG25: 0 | CH25: 0 | CI25: 0 | CJ25: 0 | CK25: 0 | CL25: 0 | CM25: 0 | CN25: 0 | CO25: 0 | CP25: 0 | CQ25: TRUE | CR25: 55 | CS25: 1 | CT25: FALSE | CU25: 0 | CV25: 0 | CW25: 0 | CX25: 0 | CY25: 1 | CZ25: 1 | DA25: 1 | DB25: 21 | DC25: C:\models\Inputs\PWC scenario v7 and WeatherFiles\Koc under 100/ | DD25: Hay all-r01-A_v7.scn2 | DE25: Hay all-r02-A_v7.scn2 | DF25: Hay all-r03N-A_v7.scn2 | DG25: Hay all-r03S-A_v7.scn2 | DH25: Hay all-r03W-A_v7.scn2 | DI25: Hay all-r04-A_v7.scn2 | DJ25: Hay all-r05-A_v7.scn2 | DK25: Hay all-r06-A_v7.scn2 | DL25: Hay all-r07-A_v7.scn2 | DM25: Hay all-r08-A_v7.scn2 | DN25: Hay all-r09-A_v7.scn2 | DO25: Hay all-r10L-A_v7.scn2 | DP25: Hay all-r10U-A_v7.scn2 | DQ25: Hay all-r11-A_v7.scn2 | DR25: Hay all-r12-A_v7.scn2 | DS25: Hay all-r13-A_v7.scn2 | DT25: Hay all-r14-A_v7.scn2 | DU25: Hay all-r15-A_v7.scn2 | DV25: Hay all-r16-A_v7.scn2 | DW25: Hay all-r17-A_v7.scn2 | DX25: Hay all-r18-A_v7.scn2
A26: 23 | B26: Clover_9 | C26: 1 | D26: 2 | E26: 0 | F26: 1 | G26: 2 | H26: 0 | I26: 0 | J26: 6 | K26: 0 | L26: 1 | M26: 0 | N26: 35 | O26: 1 | P26: 2 | Q26: 0 | R26: 0 | S26: 6 | T26: 0 | U26: 1 | V26: 0 | W26: 0 | X26: 0 | Y26: 0 | Z26: 0 | AA26: 0 | AB26: 0 | AC26: 0 | AD26: 0 | AE26: 0 | AF26: 0 | AG26: 0 | AH26: 0 | AI26: 0 | AJ26: 0 | AK26: 0 | AL26: 0 | AM26: 0 | AN26: 0 | AO26: 0 | AP26: 0 | AQ26: 0 | AR26: 0 | AS26: 0 | AT26: 0 | AU26: 0 | AV26: 0 | AW26: 0 | AX26: 0 | AY26: 0 | AZ26: 0 | BA26: 0 | BB26: 0 | BC26: 0 | BD26: 0 | BE26: 0 | BF26: 0 | BG26: 0 | BH26: 0 | BI26: 0 | BJ26: 0 | BK26: 0 | BL26: 0 | BM26: 0 | BN26: 0 | BO26: 0 | BP26: 0 | BQ26: 0 | BR26: 0 | BS26: 0 | BT26: 0 | BU26: 0 | BV26: 0 | BW26: 0 | BX26: 0 | BY26: 0 | BZ26: 0 | CA26: 0 | CB26: 0 | CC26: 0 | CD26: 0 | CE26: 0 | CF26: 0 | CG26: 0 | CH26: 0 | CI26: 0 | CJ26: 0 | CK26: 0 | CL26: 0 | CM26: 0 | CN26: 0 | CO26: 0 | CP26: 0 | CQ26: TRUE | CR26: 55 | CS26: 1 | CT26: FALSE | CU26: 0 | CV26: 0 | CW26: 0 | CX26: 0 | CY26: 1 | CZ26: 1 | DA26: 1 | DB26: 21 | DC26: C:\models\Inputs\PWC scenario v7 and WeatherFiles\Koc under 100/ | DD26: Hay all-r01-A_v7.scn2 | DE26: Hay all-r02-A_v7.scn2 | DF26: Hay all-r03N-A_v7.scn2 | DG26: Hay all-r03S-A_v7.scn2 | DH26: Hay all-r03W-A_v7.scn2 | DI26: Hay all-r04-A_v7.scn2 | DJ26: Hay all-r05-A_v7.scn2 | DK26: Hay all-r06-A_v7.scn2 | DL26: Hay all-r07-A_v7.scn2 | DM26: Hay all-r08-A_v7.scn2 | DN26: Hay all-r09-A_v7.scn2 | DO26: Hay all-r10L-A_v7.scn2 | DP26: Hay all-r10U-A_v7.scn2 | DQ26: Hay all-r11-A_v7.scn2 | DR26: Hay all-r12-A_v7.scn2 | DS26: Hay all-r13-A_v7.scn2 | DT26: Hay all-r14-A_v7.scn2 | DU26: Hay all-r15-A_v7.scn2 | DV26: Hay all-r16-A_v7.scn2 | DW26: Hay all-r17-A_v7.scn2 | DX26: Hay all-r18-A_v7.scn2
A27: 24 | B27: Clover_9 | C27: 1 | D27: 2 | E27: 0 | F27: 1 | G27: 2 | H27: 0 | I27: 0 | J27: 15 | K27: 0 | L27: 1 | M27: 0 | N27: 35 | O27: 1 | P27: 2 | Q27: 0 | R27: 0 | S27: 15 | T27: 0 | U27: 1 | V27: 0 | W27: 0 | X27: 0 | Y27: 0 | Z27: 0 | AA27: 0 | AB27: 0 | AC27: 0 | AD27: 0 | AE27: 0 | AF27: 0 | AG27: 0 | AH27: 0 | AI27: 0 | AJ27: 0 | AK27: 0 | AL27: 0 | AM27: 0 | AN27: 0 | AO27: 0 | AP27: 0 | AQ27: 0 | AR27: 0 | AS27: 0 | AT27: 0 | AU27: 0 | AV27: 0 | AW27: 0 | AX27: 0 | AY27: 0 | AZ27: 0 | BA27: 0 | BB27: 0 | BC27: 0 | BD27: 0 | BE27: 0 | BF27: 0 | BG27: 0 | BH27: 0 | BI27: 0 | BJ27: 0 | BK27: 0 | BL27: 0 | BM27: 0 | BN27: 0 | BO27: 0 | BP27: 0 | BQ27: 0 | BR27: 0 | BS27: 0 | BT27: 0 | BU27: 0 | BV27: 0 | BW27: 0 | BX27: 0 | BY27: 0 | BZ27: 0 | CA27: 0 | CB27: 0 | CC27: 0 | CD27: 0 | CE27: 0 | CF27: 0 | CG27: 0 | CH27: 0 | CI27: 0 | CJ27: 0 | CK27: 0 | CL27: 0 | CM27: 0 | CN27: 0 | CO27: 0 | CP27: 0 | CQ27: TRUE | CR27: 55 | CS27: 1 | CT27: FALSE | CU27: 0 | CV27: 0 | CW27: 0 | CX27: 0 | CY27: 1 | CZ27: 1 | DA27: 1 | DB27: 21 | DC27: C:\models\Inputs\PWC scenario v7 and WeatherFiles\Koc under 100/ | DD27: Hay all-r01-A_v7.scn2 | DE27: Hay all-r02-A_v7.scn2 | DF27: Hay all-r03N-A_v7.scn2 | DG27: Hay all-r03S-A_v7.scn2 | DH27: Hay all-r03W-A_v7.scn2 | DI27: Hay all-r04-A_v7.scn2 | DJ27: Hay all-r05-A_v7.scn2 | DK27: Hay all-r06-A_v7.scn2 | DL27: Hay all-r07-A_v7.scn2 | DM27: Hay all-r08-A_v7.scn2 | DN27: Hay all-r09-A_v7.scn2 | DO27: Hay all-r10L-A_v7.scn2 | DP27: Hay all-r10U-A_v7.scn2 | DQ27: Hay all-r11-A_v7.scn2 | DR27: Hay all-r12-A_v7.scn2 | DS27: Hay all-r13-A_v7.scn2 | DT27: Hay all-r14-A_v7.scn2 | DU27: Hay all-r15-A_v7.scn2 | DV27: Hay all-r16-A_v7.scn2 | DW27: Hay all-r17-A_v7.scn2 | DX27: Hay all-r18-A_v7.scn2
A28: 25 | B28: Apple_10 | C28: 1 | D28: 2 | E28: 0 | F28: 2 | G28: 2 | H28: 0 | I28: 0 | J28: 2 | K28: 0 | L28: 1 | M28: 0 | N28: 10 | O28: 2 | P28: 2 | Q28: 0 | R28: 0 | S28: 2 | T28: 0 | U28: 1 | V28: 0 | W28: 0 | X28: 0 | Y28: 0 | Z28: 0 | AA28: 0 | AB28: 0 | AC28: 0 | AD28: 0 | AE28: 0 | AF28: 0 | AG28: 0 | AH28: 0 | AI28: 0 | AJ28: 0 | AK28: 0 | AL28: 0 | AM28: 0 | AN28: 0 | AO28: 0 | AP28: 0 | AQ28: 0 | AR28: 0 | AS28: 0 | AT28: 0 | AU28: 0 | AV28: 0 | AW28: 0 | AX28: 0 | AY28: 0 | AZ28: 0 | BA28: 0 | BB28: 0 | BC28: 0 | BD28: 0 | BE28: 0 | BF28: 0 | BG28: 0 | BH28: 0 | BI28: 0 | BJ28: 0 | BK28: 0 | BL28: 0 | BM28: 0 | BN28: 0 | BO28: 0 | BP28: 0 | BQ28: 0 | BR28: 0 | BS28: 0 | BT28: 0 | BU28: 0 | BV28: 0 | BW28: 0 | BX28: 0 | BY28: 0 | BZ28: 0 | CA28: 0 | CB28: 0 | CC28: 0 | CD28: 0 | CE28: 0 | CF28: 0 | CG28: 0 | CH28: 0 | CI28: 0 | CJ28: 0 | CK28: 0 | CL28: 0 | CM28: 0 | CN28: 0 | CO28: 0 | CP28: 0 | CQ28: TRUE | CR28: 80 | CS28: 1 | CT28: FALSE | CU28: 0 | CV28: 0 | CW28: 0 | CX28: 0 | CY28: 1 | CZ28: 1 | DA28: 1 | DB28: 21 | DC28: C:\models\Inputs\PWC scenario v7 and WeatherFiles\Koc under 100/ | DD28: Orchard deciduous-r01-A_v7.scn2 | DE28: Orchard deciduous-r02-A_v7.scn2 | DF28: Orchard deciduous-r03N-A_v7.scn2 | DG28: Orchard deciduous-r03S-A_v7.scn2 | DH28: Orchard deciduous-r03W-A_v7.scn2 | DI28: Orchard deciduous-r04-A_v7.scn2 | DJ28: Orchard deciduous-r05-A_v7.scn2 | DK28: Orchard deciduous-r06-A_v7.scn2 | DL28: Orchard deciduous-r07-A_v7.scn2 | DM28: Orchard deciduous-r08-A_v7.scn2 | DN28: Orchard deciduous-r09-A_v7.scn2 | DO28: Orchard deciduous-r10L-A_v7.scn2 | DP28: Orchard deciduous-r10U-A_v7.scn2 | DQ28: Orchard deciduous-r11-A_v7.scn2 | DR28: Orchard deciduous-r12-A_v7.scn2 | DS28: Orchard deciduous-r13-A_v7.scn2 | DT28: Orchard deciduous-r14-A_v7.scn2 | DU28: Orchard deciduous-r15-A_v7.scn2 | DV28: Orchard deciduous-r16-A_v7.scn2 | DW28: Orchard deciduous-r17-A_v7.scn2 | DX28: Orchard deciduous-r18-A_v7.scn2
A29: 26 | B29: Apple_10 | C29: 1 | D29: 2 | E29: 0 | F29: 2 | G29: 2 | H29: 0 | I29: 0 | J29: 6 | K29: 0 | L29: 1 | M29: 0 | N29: 10 | O29: 2 | P29: 2 | Q29: 0 | R29: 0 | S29: 6 | T29: 0 | U29: 1 | V29: 0 | W29: 0 | X29: 0 | Y29: 0 | Z29: 0 | AA29: 0 | AB29: 0 | AC29: 0 | AD29: 0 | AE29: 0 | AF29: 0 | AG29: 0 | AH29: 0 | AI29: 0 | AJ29: 0 | AK29: 0 | AL29: 0 | AM29: 0 | AN29: 0 | AO29: 0 | AP29: 0 | AQ29: 0 | AR29: 0 | AS29: 0 | AT29: 0 | AU29: 0 | AV29: 0 | AW29: 0 | AX29: 0 | AY29: 0 | AZ29: 0 | BA29: 0 | BB29: 0 | BC29: 0 | BD29: 0 | BE29: 0 | BF29: 0 | BG29: 0 | BH29: 0 | BI29: 0 | BJ29: 0 | BK29: 0 | BL29: 0 | BM29: 0 | BN29: 0 | BO29: 0 | BP29: 0 | BQ29: 0 | BR29: 0 | BS29: 0 | BT29: 0 | BU29: 0 | BV29: 0 | BW29: 0 | BX29: 0 | BY29: 0 | BZ29: 0 | CA29: 0 | CB29: 0 | CC29: 0 | CD29: 0 | CE29: 0 | CF29: 0 | CG29: 0 | CH29: 0 | CI29: 0 | CJ29: 0 | CK29: 0 | CL29: 0 | CM29: 0 | CN29: 0 | CO29: 0 | CP29: 0 | CQ29: TRUE | CR29: 80 | CS29: 1 | CT29: FALSE | CU29: 0 | CV29: 0 | CW29: 0 | CX29: 0 | CY29: 1 | CZ29: 1 | DA29: 1 | DB29: 21 | DC29: C:\models\Inputs\PWC scenario v7 and WeatherFiles\Koc under 100/ | DD29: Orchard deciduous-r01-A_v7.scn2 | DE29: Orchard deciduous-r02-A_v7.scn2 | DF29: Orchard deciduous-r03N-A_v7.scn2 | DG29: Orchard deciduous-r03S-A_v7.scn2 | DH29: Orchard deciduous-r03W-A_v7.scn2 | DI29: Orchard deciduous-r04-A_v7.scn2 | DJ29: Orchard deciduous-r05-A_v7.scn2 | DK29: Orchard deciduous-r06-A_v7.scn2 | DL29: Orchard deciduous-r07-A_v7.scn2 | DM29: Orchard deciduous-r08-A_v7.scn2 | DN29: Orchard deciduous-r09-A_v7.scn2 | DO29: Orchard deciduous-r10L-A_v7.scn2 | DP29: Orchard deciduous-r10U-A_v7.scn2 | DQ29: Orchard deciduous-r11-A_v7.scn2 | DR29: Orchard deciduous-r12-A_v7.scn2 | DS29: Orchard deciduous-r13-A_v7.scn2 | DT29: Orchard deciduous-r14-A_v7.scn2 | DU29: Orchard deciduous-r15-A_v7.scn2 | DV29: Orchard deciduous-r16-A_v7.scn2 | DW29: Orchard deciduous-r17-A_v7.scn2 | DX29: Orchard deciduous-r18-A_v7.scn2
A30: 27 | B30: Apple_10 | C30: 1 | D30: 2 | E30: 0 | F30: 2 | G30: 2 | H30: 0 | I30: 0 | J30: 11 | K30: 0 | L30: 1 | M30: 0 | N30: 10 | O30: 2 | P30: 2 | Q30: 0 | R30: 0 | S30: 11 | T30: 0 | U30: 1 | V30: 0 | W30: 0 | X30: 0 | Y30: 0 | Z30: 0 | AA30: 0 | AB30: 0 | AC30: 0 | AD30: 0 | AE30: 0 | AF30: 0 | AG30: 0 | AH30: 0 | AI30: 0 | AJ30: 0 | AK30: 0 | AL30: 0 | AM30: 0 | AN30: 0 | AO30: 0 | AP30: 0 | AQ30: 0 | AR30: 0 | AS30: 0 | AT30: 0 | AU30: 0 | AV30: 0 | AW30: 0 | AX30: 0 | AY30: 0 | AZ30: 0 | BA30: 0 | BB30: 0 | BC30: 0 | BD30: 0 | BE30: 0 | BF30: 0 | BG30: 0 | BH30: 0 | BI30: 0 | BJ30: 0 | BK30: 0 | BL30: 0 | BM30: 0 | BN30: 0 | BO30: 0 | BP30: 0 | BQ30: 0 | BR30: 0 | BS30: 0 | BT30: 0 | BU30: 0 | BV30: 0 | BW30: 0 | BX30: 0 | BY30: 0 | BZ30: 0 | CA30: 0 | CB30: 0 | CC30: 0 | CD30: 0 | CE30: 0 | CF30: 0 | CG30: 0 | CH30: 0 | CI30: 0 | CJ30: 0 | CK30: 0 | CL30: 0 | CM30: 0 | CN30: 0 | CO30: 0 | CP30: 0 | CQ30: TRUE | CR30: 80 | CS30: 1 | CT30: FALSE | CU30: 0 | CV30: 0 | CW30: 0 | CX30: 0 | CY30: 1 | CZ30: 1 | DA30: 1 | DB30: 21 | DC30: C:\models\Inputs\PWC scenario v7 and WeatherFiles\Koc under 100/ | DD30: Orchard deciduous-r01-A_v7.scn2 | DE30: Orchard deciduous-r02-A_v7.scn2 | DF30: Orchard deciduous-r03N-A_v7.scn2 | DG30: Orchard deciduous-r03S-A_v7.scn2 | DH30: Orchard deciduous-r03W-A_v7.scn2 | DI30: Orchard deciduous-r04-A_v7.scn2 | DJ30: Orchard deciduous-r05-A_v7.scn2 | DK30: Orchard deciduous-r06-A_v7.scn2 | DL30: Orchard deciduous-r07-A_v7.scn2 | DM30: Orchard deciduous-r08-A_v7.scn2 | DN30: Orchard deciduous-r09-A_v7.scn2 | DO30: Orchard deciduous-r10L-A_v7.scn2 | DP30: Orchard deciduous-r10U-A_v7.scn2 | DQ30: Orchard deciduous-r11-A_v7.scn2 | DR30: Orchard deciduous-r12-A_v7.scn2 | DS30: Orchard deciduous-r13-A_v7.scn2 | DT30: Orchard deciduous-r14-A_v7.scn2 | DU30: Orchard deciduous-r15-A_v7.scn2 | DV30: Orchard deciduous-r16-A_v7.scn2 | DW30: Orchard deciduous-r17-A_v7.scn2 | DX30: Orchard deciduous-r18-A_v7.scn2
A31: 28 | B31: Apple_10 | C31: 1 | D31: 2 | E31: 0 | F31: 2 | G31: 2 | H31: 0 | I31: 0 | J31: 15 | K31: 0 | L31: 1 | M31: 0 | N31: 10 | O31: 2 | P31: 2 | Q31: 0 | R31: 0 | S31: 15 | T31: 0 | U31: 1 | V31: 0 | W31: 0 | X31: 0 | Y31: 0 | Z31: 0 | AA31: 0 | AB31: 0 | AC31: 0 | AD31: 0 | AE31: 0 | AF31: 0 | AG31: 0 | AH31: 0 | AI31: 0 | AJ31: 0 | AK31: 0 | AL31: 0 | AM31: 0 | AN31: 0 | AO31: 0 | AP31: 0 | AQ31: 0 | AR31: 0 | AS31: 0 | AT31: 0 | AU31: 0 | AV31: 0 | AW31: 0 | AX31: 0 | AY31: 0 | AZ31: 0 | BA31: 0 | BB31: 0 | BC31: 0 | BD31: 0 | BE31: 0 | BF31: 0 | BG31: 0 | BH31: 0 | BI31: 0 | BJ31: 0 | BK31: 0 | BL31: 0 | BM31: 0 | BN31: 0 | BO31: 0 | BP31: 0 | BQ31: 0 | BR31: 0 | BS31: 0 | BT31: 0 | BU31: 0 | BV31: 0 | BW31: 0 | BX31: 0 | BY31: 0 | BZ31: 0 | CA31: 0 | CB31: 0 | CC31: 0 | CD31: 0 | CE31: 0 | CF31: 0 | CG31: 0 | CH31: 0 | CI31: 0 | CJ31: 0 | CK31: 0 | CL31: 0 | CM31: 0 | CN31: 0 | CO31: 0 | CP31: 0 | CQ31: TRUE | CR31: 80 | CS31: 1 | CT31: FALSE | CU31: 0 | CV31: 0 | CW31: 0 | CX31: 0 | CY31: 1 | CZ31: 1 | DA31: 1 | DB31: 21 | DC31: C:\models\Inputs\PWC scenario v7 and WeatherFiles\Koc under 100/ | DD31: Orchard deciduous-r01-A_v7.scn2 | DE31: Orchard deciduous-r02-A_v7.scn2 | DF31: Orchard deciduous-r03N-A_v7.scn2 | DG31: Orchard deciduous-r03S-A_v7.scn2 | DH31: Orchard deciduous-r03W-A_v7.scn2 | DI31: Orchard deciduous-r04-A_v7.scn2 | DJ31: Orchard deciduous-r05-A_v7.scn2 | DK31: Orchard deciduous-r06-A_v7.scn2 | DL31: Orchard deciduous-r07-A_v7.scn2 | DM31: Orchard deciduous-r08-A_v7.scn2 | DN31: Orchard deciduous-r09-A_v7.scn2 | DO31: Orchard deciduous-r10L-A_v7.scn2 | DP31: Orchard deciduous-r10U-A_v7.scn2 | DQ31: Orchard deciduous-r11-A_v7.scn2 | DR31: Orchard deciduous-r12-A_v7.scn2 | DS31: Orchard deciduous-r13-A_v7.scn2 | DT31: Orchard deciduous-r14-A_v7.scn2 | DU31: Orchard deciduous-r15-A_v7.scn2 | DV31: Orchard deciduous-r16-A_v7.scn2 | DW31: Orchard deciduous-r17-A_v7.scn2 | DX31: Orchard deciduous-r18-A_v7.scn2
A32: 29 | B32: Grass, Pasture_11 | C32: 1 | D32: 1 | E32: 60 | F32: 1 | G32: 2 | H32: 0 | I32: 0 | J32: 2 | K32: 0 | L32: 1 | M32: 0 | N32: 0 | O32: 0 | P32: 0 | Q32: 0 | R32: 0 | S32: 0 | T32: 0 | U32: 0 | V32: 0 | W32: 0 | X32: 0 | Y32: 0 | Z32: 0 | AA32: 0 | AB32: 0 | AC32: 0 | AD32: 0 | AE32: 0 | AF32: 0 | AG32: 0 | AH32: 0 | AI32: 0 | AJ32: 0 | AK32: 0 | AL32: 0 | AM32: 0 | AN32: 0 | AO32: 0 | AP32: 0 | AQ32: 0 | AR32: 0 | AS32: 0 | AT32: 0 | AU32: 0 | AV32: 0 | AW32: 0 | AX32: 0 | AY32: 0 | AZ32: 0 | BA32: 0 | BB32: 0 | BC32: 0 | BD32: 0 | BE32: 0 | BF32: 0 | BG32: 0 | BH32: 0 | BI32: 0 | BJ32: 0 | BK32: 0 | BL32: 0 | BM32: 0 | BN32: 0 | BO32: 0 | BP32: 0 | BQ32: 0 | BR32: 0 | BS32: 0 | BT32: 0 | BU32: 0 | BV32: 0 | BW32: 0 | BX32: 0 | BY32: 0 | BZ32: 0 | CA32: 0 | CB32: 0 | CC32: 0 | CD32: 0 | CE32: 0 | CF32: 0 | CG32: 0 | CH32: 0 | CI32: 0 | CJ32: 0 | CK32: 0 | CL32: 0 | CM32: 0 | CN32: 0 | CO32: 0 | CP32: 0 | CQ32: TRUE | CR32: 30 | CS32: 1 | CT32: FALSE | CU32: 0 | CV32: 0 | CW32: 0 | CX32: 0 | CY32: 1 | CZ32: 1 | DA32: 1 | DB32: 21 | DC32: C:\models\Inputs\PWC scenario v7 and WeatherFiles\Koc under 100/ | DD32: Pasture or forage-r01-A_v7.scn2 | DE32: Pasture or forage-r02-A_v7.scn2 | DF32: Pasture or forage-r03N-A_v7.scn2 | DG32: Pasture or forage-r03S-A_v7.scn2 | DH32: Pasture or forage-r03W-A_v7.scn2 | DI32: Pasture or forage-r04-A_v7.scn2 | DJ32: Pasture or forage-r05-A_v7.scn2 | DK32: Pasture or forage-r06-A_v7.scn2 | DL32: Pasture or forage-r07-A_v7.scn2 | DM32: Pasture or forage-r08-A_v7.scn2 | DN32: Pasture or forage-r09-A_v7.scn2 | DO32: Pasture or forage-r10L-A_v7.scn2 | DP32: Pasture or forage-r10U-A_v7.scn2 | DQ32: Pasture or forage-r11-A_v7.scn2 | DR32: Pasture or forage-r12-A_v7.scn2 | DS32: Pasture or forage-r13-A_v7.scn2 | DT32: Pasture or forage-r14-A_v7.scn2 | DU32: Pasture or forage-r15-A_v7.scn2 | DV32: Pasture or forage-r16-A_v7.scn2 | DW32: Pasture or forage-r17-A_v7.scn2 | DX32: Pasture or forage-r18-A_v7.scn2
A33: 30 | B33: Grass, Pasture_11 | C33: 1 | D33: 1 | E33: 60 | F33: 1 | G33: 2 | H33: 0 | I33: 0 | J33: 6 | K33: 0 | L33: 1 | M33: 0 | N33: 0 | O33: 0 | P33: 0 | Q33: 0 | R33: 0 | S33: 0 | T33: 0 | U33: 0 | V33: 0 | W33: 0 | X33: 0 | Y33: 0 | Z33: 0 | AA33: 0 | AB33: 0 | AC33: 0 | AD33: 0 | AE33: 0 | AF33: 0 | AG33: 0 | AH33: 0 | AI33: 0 | AJ33: 0 | AK33: 0 | AL33: 0 | AM33: 0 | AN33: 0 | AO33: 0 | AP33: 0 | AQ33: 0 | AR33: 0 | AS33: 0 | AT33: 0 | AU33: 0 | AV33: 0 | AW33: 0 | AX33: 0 | AY33: 0 | AZ33: 0 | BA33: 0 | BB33: 0 | BC33: 0 | BD33: 0 | BE33: 0 | BF33: 0 | BG33: 0 | BH33: 0 | BI33: 0 | BJ33: 0 | BK33: 0 | BL33: 0 | BM33: 0 | BN33: 0 | BO33: 0 | BP33: 0 | BQ33: 0 | BR33: 0 | BS33: 0 | BT33: 0 | BU33: 0 | BV33: 0 | BW33: 0 | BX33: 0 | BY33: 0 | BZ33: 0 | CA33: 0 | CB33: 0 | CC33: 0 | CD33: 0 | CE33: 0 | CF33: 0 | CG33: 0 | CH33: 0 | CI33: 0 | CJ33: 0 | CK33: 0 | CL33: 0 | CM33: 0 | CN33: 0 | CO33: 0 | CP33: 0 | CQ33: TRUE | CR33: 30 | CS33: 1 | CT33: FALSE | CU33: 0 | CV33: 0 | CW33: 0 | CX33: 0 | CY33: 1 | CZ33: 1 | DA33: 1 | DB33: 21 | DC33: C:\models\Inputs\PWC scenario v7 and WeatherFiles\Koc under 100/ | DD33: Pasture or forage-r01-A_v7.scn2 | DE33: Pasture or forage-r02-A_v7.scn2 | DF33: Pasture or forage-r03N-A_v7.scn2 | DG33: Pasture or forage-r03S-A_v7.scn2 | DH33: Pasture or forage-r03W-A_v7.scn2 | DI33: Pasture or forage-r04-A_v7.scn2 | DJ33: Pasture or forage-r05-A_v7.scn2 | DK33: Pasture or forage-r06-A_v7.scn2 | DL33: Pasture or forage-r07-A_v7.scn2 | DM33: Pasture or forage-r08-A_v7.scn2 | DN33: Pasture or forage-r09-A_v7.scn2 | DO33: Pasture or forage-r10L-A_v7.scn2 | DP33: Pasture or forage-r10U-A_v7.scn2 | DQ33: Pasture or forage-r11-A_v7.scn2 | DR33: Pasture or forage-r12-A_v7.scn2 | DS33: Pasture or forage-r13-A_v7.scn2 | DT33: Pasture or forage-r14-A_v7.scn2 | DU33: Pasture or forage-r15-A_v7.scn2 | DV33: Pasture or forage-r16-A_v7.scn2 | DW33: Pasture or forage-r17-A_v7.scn2 | DX33: Pasture or forage-r18-A_v7.scn2
A34: 31 | B34: Grass, Pasture_11 | C34: 1 | D34: 1 | E34: 60 | F34: 1 | G34: 2 | H34: 0 | I34: 0 | J34: 15 | K34: 0 | L34: 1 | M34: 0 | N34: 0 | O34: 0 | P34: 0 | Q34: 0 | R34: 0 | S34: 0 | T34: 0 | U34: 0 | V34: 0 | W34: 0 | X34: 0 | Y34: 0 | Z34: 0 | AA34: 0 | AB34: 0 | AC34: 0 | AD34: 0 | AE34: 0 | AF34: 0 | AG34: 0 | AH34: 0 | AI34: 0 | AJ34: 0 | AK34: 0 | AL34: 0 | AM34: 0 | AN34: 0 | AO34: 0 | AP34: 0 | AQ34: 0 | AR34: 0 | AS34: 0 | AT34: 0 | AU34: 0 | AV34: 0 | AW34: 0 | AX34: 0 | AY34: 0 | AZ34: 0 | BA34: 0 | BB34: 0 | BC34: 0 | BD34: 0 | BE34: 0 | BF34: 0 | BG34: 0 | BH34: 0 | BI34: 0 | BJ34: 0 | BK34: 0 | BL34: 0 | BM34: 0 | BN34: 0 | BO34: 0 | BP34: 0 | BQ34: 0 | BR34: 0 | BS34: 0 | BT34: 0 | BU34: 0 | BV34: 0 | BW34: 0 | BX34: 0 | BY34: 0 | BZ34: 0 | CA34: 0 | CB34: 0 | CC34: 0 | CD34: 0 | CE34: 0 | CF34: 0 | CG34: 0 | CH34: 0 | CI34: 0 | CJ34: 0 | CK34: 0 | CL34: 0 | CM34: 0 | CN34: 0 | CO34: 0 | CP34: 0 | CQ34: TRUE | CR34: 30 | CS34: 1 | CT34: FALSE | CU34: 0 | CV34: 0 | CW34: 0 | CX34: 0 | CY34: 1 | CZ34: 1 | DA34: 1 | DB34: 21 | DC34: C:\models\Inputs\PWC scenario v7 and WeatherFiles\Koc under 100/ | DD34: Pasture or forage-r01-A_v7.scn2 | DE34: Pasture or forage-r02-A_v7.scn2 | DF34: Pasture or forage-r03N-A_v7.scn2 | DG34: Pasture or forage-r03S-A_v7.scn2 | DH34: Pasture or forage-r03W-A_v7.scn2 | DI34: Pasture or forage-r04-A_v7.scn2 | DJ34: Pasture or forage-r05-A_v7.scn2 | DK34: Pasture or forage-r06-A_v7.scn2 | DL34: Pasture or forage-r07-A_v7.scn2 | DM34: Pasture or forage-r08-A_v7.scn2 | DN34: Pasture or forage-r09-A_v7.scn2 | DO34: Pasture or forage-r10L-A_v7.scn2 | DP34: Pasture or forage-r10U-A_v7.scn2 | DQ34: Pasture or forage-r11-A_v7.scn2 | DR34: Pasture or forage-r12-A_v7.scn2 | DS34: Pasture or forage-r13-A_v7.scn2 | DT34: Pasture or forage-r14-A_v7.scn2 | DU34: Pasture or forage-r15-A_v7.scn2 | DV34: Pasture or forage-r16-A_v7.scn2 | DW34: Pasture or forage-r17-A_v7.scn2 | DX34: Pasture or forage-r18-A_v7.scn2

Sheet test_out_xwalk
A1: Replace all contents with the scheme generator output file "…_out_xwalk"
A2: Use Site Index | B2: Use Site Name | C2: Scheme Number | D2: Scheme Name | E2: Scheme/Use Site ID | F2: Relative Application Timing | G2: Maximum Single Application Rate (lbs a.i./A) | H2: Annual Maximum Application Rate (lbs a.i./A) | I2: Application Type | J2: Spray Drift Application Method | K2: UDL
A3: 1 | B3: Corn | C3: 1 | D3: Corn_1 | E3: Corn-1-1 | F3: Pre-emergence | G3: 0.75 | H3: 0.75 | I3: Granular | J3: None | K3: Corn
A4: 1 | B4: Corn | C4: 2 | D4: Corn_1 | E4: Corn-1-2 | F4: Pre-emergence | G4: 0.75 | H4: 0.75 | I4: Spray | J4: Aerial_Coarse | K4: Corn
A5: 1 | B5: Corn | C5: 3 | D5: Corn_1 | E5: Corn-1-3 | F5: Pre-emergence | G5: 0.75 | H5: 0.75 | I5: Spray | J5: Ground_F-MC_HB | K5: Corn
A6: 1 | B6: Corn | C6: 4 | D6: Corn_1 | E6: Corn-1-4 | F6: Pre-emergence | G6: 0.75 | H6: 0.75 | I6: Spray | J6: Airblast_Sparse | K6: Corn
A7: 1 | B7: Corn | C7: 5 | D7: Corn_1 | E7: Corn-1-5 | F7: Pre-emergence | G7: 0.75 | H7: 0.75 | I7: Spray | J7: None | K7: Corn
A8: 2 | B8: Soybean (Glycine max) | C8: 6 | D8: Soybean (Glycine max)_2 | E8: Soybean (Glycine max)-2-6 | F8: Post-emergence | G8: 1.125 | H8: 3 | I8: Spray | J8: Aerial_Fine_50 | K8: Soybeans
A9: 2 | B9: Soybean (Glycine max) | C9: 7 | D9: Soybean (Glycine max)_2 | E9: Soybean (Glycine max)-2-7 | F9: Post-emergence | G9: 1.125 | H9: 3 | I9: Spray | J9: Ground_VF-F_HB | K9: Soybeans
A10: 2 | B10: Soybean (Glycine max) | C10: 8 | D10: Soybean (Glycine max)_2 | E10: Soybean (Glycine max)-2-8 | F10: Post-emergence | G10: 1.125 | H10: 3 | I10: Spray | J10: None | K10: Soybeans
A11: 3 | B11: Almond | C11: 9 | D11: Almond_3 | E11: Almond-3-9 | F11: Pre-emergence | G11: 1 | H11: 1 | I11: Spray | J11: Aerial_Medium | K11: Other Orchards
A12: 3 | B12: Almond | C12: 10 | D12: Almond_3 | E12: Almond-3-10 | F12: Pre-emergence | G12: 1 | H12: 1 | I12: Spray | J12: Ground_VF-F_LB | K12: Other Orchards
A13: 3 | B13: Almond | C13: 11 | D13: Almond_3 | E13: Almond-3-11 | F13: Pre-emergence | G13: 1 | H13: 1 | I13: Spray | J13: Airblast_Sparse | K13: Other Orchards
A14: 3 | B14: Almond | C14: 12 | D14: Almond_3 | E14: Almond-3-12 | F14: Pre-emergence | G14: 1 | H14: 1 | I14: Spray | J14: None | K14: Other Orchards
... A33: 11 | B33: Grass, Pasture | C33: 31 | D33: Grass, Pasture_11 | E33: Grass, Pasture-11-31 | F33: Post-emergence | G33: 1 | H33: 1 | I33: Spray | J33: None | K33: Range

Sheet PWC Output MetaData
A1: RUNOFF + DRIFT | T1: Runoff Only
A2: INFORMATION NEEDED FOR SUMMARIZING OUTPUT FROM MODELING IS HIGHLIGHTED | T2: INFORMATION NEEDED FOR SUMMARIZING OUTPUT FROM MODELING IS HIGHLIGHTED
A3: Run Information (Source is "summary_EPA Pond" worksheet (column A) | B3: Scheme Number | C3: Column not needed | D3: Column not needed | E3: Column not needed | F3: Column not needed | G3: Column not needed | H3: PWC Scenario | I3: HUC-2 | J3: Koc Group (used to assign Mitigation Points) | K3: Scheme/Use Site ID | L3: Maximum Single Application Rate (lbs a.i./A) (Crosswalked to Use Summary Table) | M3: Annual Maximum Application Rate (lbs a.i./A) (Crosswalked to Use Summary Table) | N3: Spray Drift Application Method(s) (Crosswalked to Use Summary Table) | O3: Application Type (Crosswalked to Use Summary Table) | P3: Relative Application Timing (Crosswalked to Use Summary Table) | Q3: UDL (Crosswalked to Use Summary Table) | R3: Use ID | T3: Run Information (Source is "summary_EPA Pond" worksheet (column A) | U3: Scheme Number | V3: Column not needed | W3: Column not needed | X3: Column not needed | Y3: Column not needed | Z3: Column not needed | AA3: PWC Scenario | AB3: HUC-2 | AC3: Koc Group (used to assign Mitigation Points) | AD3: Scheme/Use Site ID | AE3: Maximum Single Application Rate (lbs a.i./A) (Crosswalked to Use Summary Table) | AF3: Annual Maximum Application Rate (lbs a.i./A) (Crosswalked to Use Summary Table) | AG3: Spray Drift Application Method(s) (Crosswalked to Use Summary Table) | AH3: Application Type (Crosswalked to Use Summary Table) | AI3: Relative Application Timing (Crosswalked to Use Summary Table) | AJ3: UDL (Crosswalked to Use Summary Table) | AK3: Use Site Index
A4: =IF('summary_EPA Pond'!$A4="","Check Summary EPA POND worksheet Column A",'summary_EPA Pond'!$A4) -> 1_284802-23590-1_Corn-r01-A_USEPA Pond_0010_median | B4: {=IFERROR(_xlfn.TEXTSPLIT(A4,"_"),"")} -> 1 | C4: 284802-23590-1 | D4: Corn-r01-A | E4: USEPA Pond | F4: 0010 | G4: median | H4: {=IF(D4="","",(_xlfn.TEXTSPLIT(D4,"-")))} -> Corn | I4: r01 | J4: A | K4: =VLOOKUP(VALUE($B4),test_out_xwalk!$C:$L,3,FALSE) -> Corn-1-1 | L4: =VLOOKUP(VALUE($B4),test_out_xwalk!$C:$L,5,FALSE) -> 0.75 | M4: =VLOOKUP(VALUE($B4),test_out_xwalk!$C:$L,6,FALSE) -> 0.75 | N4: =VLOOKUP(VALUE($B4),test_out_xwalk!$C:$L,8,FALSE) -> None | O4: =VLOOKUP(VALUE($B4),test_out_xwalk!$C:$L,7,FALSE) -> Granular | P4: =VLOOKUP(VALUE($B4),test_out_xwalk!$C:$L,4,FALSE) -> Pre-emergence | Q4: =VLOOKUP(VALUE($B4),test_out_xwalk!$C:$L,9,FALSE) -> Corn | R4: =_xlfn.XLOOKUP(VALUE(B4),test_out_xwalk!$C:$C,test_out_xwalk!$A:$A) -> 1 | T4: =IF('summary_EPA Pond'!$O4="","Check Summary EPA POND worksheet Column O",'summary_EPA Pond'!$O4) -> 1_284802-23590-1_Corn-r01-A_USEPA Pond_0010_median | U4: {=IFERROR(_xlfn.TEXTSPLIT(T4,"_"),"")} -> 1 | V4: 284802-23590-1 | W4: Corn-r01-A | X4: USEPA Pond | Y4: 0010 | Z4: median | AA4: {=IF(W4="","",(_xlfn.TEXTSPLIT(W4,"-")))} -> Corn | AB4: r01 | AC4: A | AD4: =VLOOKUP(VALUE($U4),test_out_xwalk!$C:$L,3,FALSE) -> Corn-1-1 | AE4: =VLOOKUP(VALUE($U4),test_out_xwalk!$C:$L,5,FALSE) -> 0.75 | AF4: =VLOOKUP(VALUE($U4),test_out_xwalk!$C:$L,6,FALSE) -> 0.75 | AG4: =VLOOKUP(VALUE($U4),test_out_xwalk!$C:$L,8,FALSE) -> None | AH4: =VLOOKUP(VALUE($U4),test_out_xwalk!$C:$L,7,FALSE) -> Granular | AI4: =VLOOKUP(VALUE($U4),test_out_xwalk!$C:$L,4,FALSE) -> Pre-emergence | AJ4: =VLOOKUP(VALUE($U4),test_out_xwalk!$C:$L,9,FALSE) -> Corn | AK4: =_xlfn.XLOOKUP(VALUE(U4),test_out_xwalk!C:C,test_out_xwalk!A:A) -> 1
A5: =IF('summary_EPA Pond'!$A5="","Check Summary EPA POND worksheet Column A",'summary_EPA Pond'!$A5) -> 1_282174-22397-1_Corn-r02-A_USEPA Pond_0010_median | B5: {=IFERROR(_xlfn.TEXTSPLIT(A5,"_"),"")} -> 1 | C5: 282174-22397-1 | D5: Corn-r02-A | E5: USEPA Pond | F5: 0010 | G5: median | H5: {=IF(D5="","",(_xlfn.TEXTSPLIT(D5,"-")))} -> Corn | I5: r02 | J5: A | K5: =VLOOKUP(VALUE($B5),test_out_xwalk!$C:$L,3,FALSE) -> Corn-1-1 | L5: =VLOOKUP(VALUE($B5),test_out_xwalk!$C:$L,5,FALSE) -> 0.75 | M5: =VLOOKUP(VALUE($B5),test_out_xwalk!$C:$L,6,FALSE) -> 0.75 | N5: =VLOOKUP(VALUE($B5),test_out_xwalk!$C:$L,8,FALSE) -> None | O5: =VLOOKUP(VALUE($B5),test_out_xwalk!$C:$L,7,FALSE) -> Granular | P5: =VLOOKUP(VALUE($B5),test_out_xwalk!$C:$L,4,FALSE) -> Pre-emergence | Q5: =VLOOKUP(VALUE($B5),test_out_xwalk!$C:$L,9,FALSE) -> Corn | R5: =_xlfn.XLOOKUP(VALUE(B5),test_out_xwalk!$C:$C,test_out_xwalk!$A:$A) -> 1 | T5: =IF('summary_EPA Pond'!$O5="","Check Summary EPA POND worksheet Column O",'summary_EPA Pond'!$O5) -> 1_282174-22397-1_Corn-r02-A_USEPA Pond_0010_median | U5: {=IFERROR(_xlfn.TEXTSPLIT(T5,"_"),"")} -> 1 | V5: 282174-22397-1 | W5: Corn-r02-A | X5: USEPA Pond | Y5: 0010 | Z5: median | AA5: {=IF(W5="","",(_xlfn.TEXTSPLIT(W5,"-")))} -> Corn | AB5: r02 | AC5: A | AD5: =VLOOKUP(VALUE($U5),test_out_xwalk!$C:$L,3,FALSE) -> Corn-1-1 | AE5: =VLOOKUP(VALUE($U5),test_out_xwalk!$C:$L,5,FALSE) -> 0.75 | AF5: =VLOOKUP(VALUE($U5),test_out_xwalk!$C:$L,6,FALSE) -> 0.75 | AG5: =VLOOKUP(VALUE($U5),test_out_xwalk!$C:$L,8,FALSE) -> None | AH5: =VLOOKUP(VALUE($U5),test_out_xwalk!$C:$L,7,FALSE) -> Granular | AI5: =VLOOKUP(VALUE($U5),test_out_xwalk!$C:$L,4,FALSE) -> Pre-emergence | AJ5: =VLOOKUP(VALUE($U5),test_out_xwalk!$C:$L,9,FALSE) -> Corn | AK5: =_xlfn.XLOOKUP(VALUE(U5),test_out_xwalk!C:C,test_out_xwalk!A:A) -> 1
A6: =IF('summary_EPA Pond'!$A6="","Check Summary EPA POND worksheet Column A",'summary_EPA Pond'!$A6) -> 1_2493903-15051-1_Corn-r03N-A_USEPA Pond_0010_median | B6: {=IFERROR(_xlfn.TEXTSPLIT(A6,"_"),"")} -> 1 | C6: 2493903-15051-1 | D6: Corn-r03N-A | E6: USEPA Pond | F6: 0010 | G6: median | H6: {=IF(D6="","",(_xlfn.TEXTSPLIT(D6,"-")))} -> Corn | I6: r03N | J6: A | K6: =VLOOKUP(VALUE($B6),test_out_xwalk!$C:$L,3,FALSE) -> Corn-1-1 | L6: =VLOOKUP(VALUE($B6),test_out_xwalk!$C:$L,5,FALSE) -> 0.75 | M6: =VLOOKUP(VALUE($B6),test_out_xwalk!$C:$L,6,FALSE) -> 0.75 | N6: =VLOOKUP(VALUE($B6),test_out_xwalk!$C:$L,8,FALSE) -> None | O6: =VLOOKUP(VALUE($B6),test_out_xwalk!$C:$L,7,FALSE) -> Granular | P6: =VLOOKUP(VALUE($B6),test_out_xwalk!$C:$L,4,FALSE) -> Pre-emergence | Q6: =VLOOKUP(VALUE($B6),test_out_xwalk!$C:$L,9,FALSE) -> Corn | R6: =_xlfn.XLOOKUP(VALUE(B6),test_out_xwalk!$C:$C,test_out_xwalk!$A:$A) -> 1 | T6: =IF('summary_EPA Pond'!$O6="","Check Summary EPA POND worksheet Column O",'summary_EPA Pond'!$O6) -> 1_2493903-15051-1_Corn-r03N-A_USEPA Pond_0010_median | U6: {=IFERROR(_xlfn.TEXTSPLIT(T6,"_"),"")} -> 1 | V6: 2493903-15051-1 | W6: Corn-r03N-A | X6: USEPA Pond | Y6: 0010 | Z6: median | AA6: {=IF(W6="","",(_xlfn.TEXTSPLIT(W6,"-")))} -> Corn | AB6: r03N | AC6: A | AD6: =VLOOKUP(VALUE($U6),test_out_xwalk!$C:$L,3,FALSE) -> Corn-1-1 | AE6: =VLOOKUP(VALUE($U6),test_out_xwalk!$C:$L,5,FALSE) -> 0.75 | AF6: =VLOOKUP(VALUE($U6),test_out_xwalk!$C:$L,6,FALSE) -> 0.75 | AG6: =VLOOKUP(VALUE($U6),test_out_xwalk!$C:$L,8,FALSE) -> None | AH6: =VLOOKUP(VALUE($U6),test_out_xwalk!$C:$L,7,FALSE) -> Granular | AI6: =VLOOKUP(VALUE($U6),test_out_xwalk!$C:$L,4,FALSE) -> Pre-emergence | AJ6: =VLOOKUP(VALUE($U6),test_out_xwalk!$C:$L,9,FALSE) -> Corn | AK6: =_xlfn.XLOOKUP(VALUE(U6),test_out_xwalk!C:C,test_out_xwalk!A:A) -> 1
A7: =IF('summary_EPA Pond'!$A7="","Check Summary EPA POND worksheet Column A",'summary_EPA Pond'!$A7) -> 1_125348-10792-1_Corn-r03S-A_USEPA Pond_0010_median | B7: {=IFERROR(_xlfn.TEXTSPLIT(A7,"_"),"")} -> 1 | C7: 125348-10792-1 | D7: Corn-r03S-A | E7: USEPA Pond | F7: 0010 | G7: median | H7: {=IF(D7="","",(_xlfn.TEXTSPLIT(D7,"-")))} -> Corn | I7: r03S | J7: A | K7: =VLOOKUP(VALUE($B7),test_out_xwalk!$C:$L,3,FALSE) -> Corn-1-1 | L7: =VLOOKUP(VALUE($B7),test_out_xwalk!$C:$L,5,FALSE) -> 0.75 | M7: =VLOOKUP(VALUE($B7),test_out_xwalk!$C:$L,6,FALSE) -> 0.75 | N7: =VLOOKUP(VALUE($B7),test_out_xwalk!$C:$L,8,FALSE) -> None | O7: =VLOOKUP(VALUE($B7),test_out_xwalk!$C:$L,7,FALSE) -> Granular | P7: =VLOOKUP(VALUE($B7),test_out_xwalk!$C:$L,4,FALSE) -> Pre-emergence | Q7: =VLOOKUP(VALUE($B7),test_out_xwalk!$C:$L,9,FALSE) -> Corn | R7: =_xlfn.XLOOKUP(VALUE(B7),test_out_xwalk!$C:$C,test_out_xwalk!$A:$A) -> 1 | T7: =IF('summary_EPA Pond'!$O7="","Check Summary EPA POND worksheet Column O",'summary_EPA Pond'!$O7) -> 1_125348-10792-1_Corn-r03S-A_USEPA Pond_0010_median | U7: {=IFERROR(_xlfn.TEXTSPLIT(T7,"_"),"")} -> 1 | V7: 125348-10792-1 | W7: Corn-r03S-A | X7: USEPA Pond | Y7: 0010 | Z7: median | AA7: {=IF(W7="","",(_xlfn.TEXTSPLIT(W7,"-")))} -> Corn | AB7: r03S | AC7: A | AD7: =VLOOKUP(VALUE($U7),test_out_xwalk!$C:$L,3,FALSE) -> Corn-1-1 | AE7: =VLOOKUP(VALUE($U7),test_out_xwalk!$C:$L,5,FALSE) -> 0.75 | AF7: =VLOOKUP(VALUE($U7),test_out_xwalk!$C:$L,6,FALSE) -> 0.75 | AG7: =VLOOKUP(VALUE($U7),test_out_xwalk!$C:$L,8,FALSE) -> None | AH7: =VLOOKUP(VALUE($U7),test_out_xwalk!$C:$L,7,FALSE) -> Granular | AI7: =VLOOKUP(VALUE($U7),test_out_xwalk!$C:$L,4,FALSE) -> Pre-emergence | AJ7: =VLOOKUP(VALUE($U7),test_out_xwalk!$C:$L,9,FALSE) -> Corn | AK7: =_xlfn.XLOOKUP(VALUE(U7),test_out_xwalk!C:C,test_out_xwalk!A:A) -> 1
A8: =IF('summary_EPA Pond'!$A8="","Check Summary EPA POND worksheet Column A",'summary_EPA Pond'!$A8) -> 1_333066-12658-1_Corn-r03W-A_USEPA Pond_0010_median | B8: {=IFERROR(_xlfn.TEXTSPLIT(A8,"_"),"")} -> 1 | C8: 333066-12658-1 | D8: Corn-r03W-A | E8: USEPA Pond | F8: 0010 | G8: median | H8: {=IF(D8="","",(_xlfn.TEXTSPLIT(D8,"-")))} -> Corn | I8: r03W | J8: A | K8: =VLOOKUP(VALUE($B8),test_out_xwalk!$C:$L,3,FALSE) -> Corn-1-1 | L8: =VLOOKUP(VALUE($B8),test_out_xwalk!$C:$L,5,FALSE) -> 0.75 | M8: =VLOOKUP(VALUE($B8),test_out_xwalk!$C:$L,6,FALSE) -> 0.75 | N8: =VLOOKUP(VALUE($B8),test_out_xwalk!$C:$L,8,FALSE) -> None | O8: =VLOOKUP(VALUE($B8),test_out_xwalk!$C:$L,7,FALSE) -> Granular | P8: =VLOOKUP(VALUE($B8),test_out_xwalk!$C:$L,4,FALSE) -> Pre-emergence | Q8: =VLOOKUP(VALUE($B8),test_out_xwalk!$C:$L,9,FALSE) -> Corn | R8: =_xlfn.XLOOKUP(VALUE(B8),test_out_xwalk!$C:$C,test_out_xwalk!$A:$A) -> 1 | T8: =IF('summary_EPA Pond'!$O8="","Check Summary EPA POND worksheet Column O",'summary_EPA Pond'!$O8) -> 1_333066-12658-1_Corn-r03W-A_USEPA Pond_0010_median | U8: {=IFERROR(_xlfn.TEXTSPLIT(T8,"_"),"")} -> 1 | V8: 333066-12658-1 | W8: Corn-r03W-A | X8: USEPA Pond | Y8: 0010 | Z8: median | AA8: {=IF(W8="","",(_xlfn.TEXTSPLIT(W8,"-")))} -> Corn | AB8: r03W | AC8: A | AD8: =VLOOKUP(VALUE($U8),test_out_xwalk!$C:$L,3,FALSE) -> Corn-1-1 | AE8: =VLOOKUP(VALUE($U8),test_out_xwalk!$C:$L,5,FALSE) -> 0.75 | AF8: =VLOOKUP(VALUE($U8),test_out_xwalk!$C:$L,6,FALSE) -> 0.75 | AG8: =VLOOKUP(VALUE($U8),test_out_xwalk!$C:$L,8,FALSE) -> None | AH8: =VLOOKUP(VALUE($U8),test_out_xwalk!$C:$L,7,FALSE) -> Granular | AI8: =VLOOKUP(VALUE($U8),test_out_xwalk!$C:$L,4,FALSE) -> Pre-emergence | AJ8: =VLOOKUP(VALUE($U8),test_out_xwalk!$C:$L,9,FALSE) -> Corn | AK8: =_xlfn.XLOOKUP(VALUE(U8),test_out_xwalk!C:C,test_out_xwalk!A:A) -> 1
A9: =IF('summary_EPA Pond'!$A9="","Check Summary EPA POND worksheet Column A",'summary_EPA Pond'!$A9) -> 1_169674-19520-1_Corn-r04-A_USEPA Pond_0010_median | B9: {=IFERROR(_xlfn.TEXTSPLIT(A9,"_"),"")} -> 1 | C9: 169674-19520-1 | D9: Corn-r04-A | E9: USEPA Pond | F9: 0010 | G9: median | H9: {=IF(D9="","",(_xlfn.TEXTSPLIT(D9,"-")))} -> Corn | I9: r04 | J9: A | K9: =VLOOKUP(VALUE($B9),test_out_xwalk!$C:$L,3,FALSE) -> Corn-1-1 | L9: =VLOOKUP(VALUE($B9),test_out_xwalk!$C:$L,5,FALSE) -> 0.75 | M9: =VLOOKUP(VALUE($B9),test_out_xwalk!$C:$L,6,FALSE) -> 0.75 | N9: =VLOOKUP(VALUE($B9),test_out_xwalk!$C:$L,8,FALSE) -> None | O9: =VLOOKUP(VALUE($B9),test_out_xwalk!$C:$L,7,FALSE) -> Granular | P9: =VLOOKUP(VALUE($B9),test_out_xwalk!$C:$L,4,FALSE) -> Pre-emergence | Q9: =VLOOKUP(VALUE($B9),test_out_xwalk!$C:$L,9,FALSE) -> Corn | R9: =_xlfn.XLOOKUP(VALUE(B9),test_out_xwalk!$C:$C,test_out_xwalk!$A:$A) -> 1 | T9: =IF('summary_EPA Pond'!$O9="","Check Summary EPA POND worksheet Column O",'summary_EPA Pond'!$O9) -> 1_169674-19520-1_Corn-r04-A_USEPA Pond_0010_median | U9: {=IFERROR(_xlfn.TEXTSPLIT(T9,"_"),"")} -> 1 | V9: 169674-19520-1 | W9: Corn-r04-A | X9: USEPA Pond | Y9: 0010 | Z9: median | AA9: {=IF(W9="","",(_xlfn.TEXTSPLIT(W9,"-")))} -> Corn | AB9: r04 | AC9: A | AD9: =VLOOKUP(VALUE($U9),test_out_xwalk!$C:$L,3,FALSE) -> Corn-1-1 | AE9: =VLOOKUP(VALUE($U9),test_out_xwalk!$C:$L,5,FALSE) -> 0.75 | AF9: =VLOOKUP(VALUE($U9),test_out_xwalk!$C:$L,6,FALSE) -> 0.75 | AG9: =VLOOKUP(VALUE($U9),test_out_xwalk!$C:$L,8,FALSE) -> None | AH9: =VLOOKUP(VALUE($U9),test_out_xwalk!$C:$L,7,FALSE) -> Granular | AI9: =VLOOKUP(VALUE($U9),test_out_xwalk!$C:$L,4,FALSE) -> Pre-emergence | AJ9: =VLOOKUP(VALUE($U9),test_out_xwalk!$C:$L,9,FALSE) -> Corn | AK9: =_xlfn.XLOOKUP(VALUE(U9),test_out_xwalk!C:C,test_out_xwalk!A:A) -> 1
A10: =IF('summary_EPA Pond'!$A10="","Check Summary EPA POND worksheet Column A",'summary_EPA Pond'!$A10) -> 1_164805-19043-1_Corn-r05-A_USEPA Pond_0010_median | B10: {=IFERROR(_xlfn.TEXTSPLIT(A10,"_"),"")} -> 1 | C10: 164805-19043-1 | D10: Corn-r05-A | E10: USEPA Pond | F10: 0010 | G10: median | H10: {=IF(D10="","",(_xlfn.TEXTSPLIT(D10,"-")))} -> Corn | I10: r05 | J10: A | K10: =VLOOKUP(VALUE($B10),test_out_xwalk!$C:$L,3,FALSE) -> Corn-1-1 | L10: =VLOOKUP(VALUE($B10),test_out_xwalk!$C:$L,5,FALSE) -> 0.75 | M10: =VLOOKUP(VALUE($B10),test_out_xwalk!$C:$L,6,FALSE) -> 0.75 | N10: =VLOOKUP(VALUE($B10),test_out_xwalk!$C:$L,8,FALSE) -> None | O10: =VLOOKUP(VALUE($B10),test_out_xwalk!$C:$L,7,FALSE) -> Granular | P10: =VLOOKUP(VALUE($B10),test_out_xwalk!$C:$L,4,FALSE) -> Pre-emergence | Q10: =VLOOKUP(VALUE($B10),test_out_xwalk!$C:$L,9,FALSE) -> Corn | R10: =_xlfn.XLOOKUP(VALUE(B10),test_out_xwalk!$C:$C,test_out_xwalk!$A:$A) -> 1 | T10: =IF('summary_EPA Pond'!$O10="","Check Summary EPA POND worksheet Column O",'summary_EPA Pond'!$O10) -> 1_164805-19043-1_Corn-r05-A_USEPA Pond_0010_median | U10: {=IFERROR(_xlfn.TEXTSPLIT(T10,"_"),"")} -> 1 | V10: 164805-19043-1 | W10: Corn-r05-A | X10: USEPA Pond | Y10: 0010 | Z10: median | AA10: {=IF(W10="","",(_xlfn.TEXTSPLIT(W10,"-")))} -> Corn | AB10: r05 | AC10: A | AD10: =VLOOKUP(VALUE($U10),test_out_xwalk!$C:$L,3,FALSE) -> Corn-1-1 | AE10: =VLOOKUP(VALUE($U10),test_out_xwalk!$C:$L,5,FALSE) -> 0.75 | AF10: =VLOOKUP(VALUE($U10),test_out_xwalk!$C:$L,6,FALSE) -> 0.75 | AG10: =VLOOKUP(VALUE($U10),test_out_xwalk!$C:$L,8,FALSE) -> None | AH10: =VLOOKUP(VALUE($U10),test_out_xwalk!$C:$L,7,FALSE) -> Granular | AI10: =VLOOKUP(VALUE($U10),test_out_xwalk!$C:$L,4,FALSE) -> Pre-emergence | AJ10: =VLOOKUP(VALUE($U10),test_out_xwalk!$C:$L,9,FALSE) -> Corn | AK10: =_xlfn.XLOOKUP(VALUE(U10),test_out_xwalk!C:C,test_out_xwalk!A:A) -> 1
A11: =IF('summary_EPA Pond'!$A11="","Check Summary EPA POND worksheet Column A",'summary_EPA Pond'!$A11) -> 1_522893-13848-1_Corn-r06-A_USEPA Pond_0010_median | B11: {=IFERROR(_xlfn.TEXTSPLIT(A11,"_"),"")} -> 1 | C11: 522893-13848-1 | D11: Corn-r06-A | E11: USEPA Pond | F11: 0010 | G11: median | H11: {=IF(D11="","",(_xlfn.TEXTSPLIT(D11,"-")))} -> Corn | I11: r06 | J11: A | K11: =VLOOKUP(VALUE($B11),test_out_xwalk!$C:$L,3,FALSE) -> Corn-1-1 | L11: =VLOOKUP(VALUE($B11),test_out_xwalk!$C:$L,5,FALSE) -> 0.75 | M11: =VLOOKUP(VALUE($B11),test_out_xwalk!$C:$L,6,FALSE) -> 0.75 | N11: =VLOOKUP(VALUE($B11),test_out_xwalk!$C:$L,8,FALSE) -> None | O11: =VLOOKUP(VALUE($B11),test_out_xwalk!$C:$L,7,FALSE) -> Granular | P11: =VLOOKUP(VALUE($B11),test_out_xwalk!$C:$L,4,FALSE) -> Pre-emergence | Q11: =VLOOKUP(VALUE($B11),test_out_xwalk!$C:$L,9,FALSE) -> Corn | R11: =_xlfn.XLOOKUP(VALUE(B11),test_out_xwalk!$C:$C,test_out_xwalk!$A:$A) -> 1 | T11: =IF('summary_EPA Pond'!$O11="","Check Summary EPA POND worksheet Column O",'summary_EPA Pond'!$O11) -> 1_522893-13848-1_Corn-r06-A_USEPA Pond_0010_median | U11: {=IFERROR(_xlfn.TEXTSPLIT(T11,"_"),"")} -> 1 | V11: 522893-13848-1 | W11: Corn-r06-A | X11: USEPA Pond | Y11: 0010 | Z11: median | AA11: {=IF(W11="","",(_xlfn.TEXTSPLIT(W11,"-")))} -> Corn | AB11: r06 | AC11: A | AD11: =VLOOKUP(VALUE($U11),test_out_xwalk!$C:$L,3,FALSE) -> Corn-1-1 | AE11: =VLOOKUP(VALUE($U11),test_out_xwalk!$C:$L,5,FALSE) -> 0.75 | AF11: =VLOOKUP(VALUE($U11),test_out_xwalk!$C:$L,6,FALSE) -> 0.75 | AG11: =VLOOKUP(VALUE($U11),test_out_xwalk!$C:$L,8,FALSE) -> None | AH11: =VLOOKUP(VALUE($U11),test_out_xwalk!$C:$L,7,FALSE) -> Granular | AI11: =VLOOKUP(VALUE($U11),test_out_xwalk!$C:$L,4,FALSE) -> Pre-emergence | AJ11: =VLOOKUP(VALUE($U11),test_out_xwalk!$C:$L,9,FALSE) -> Corn | AK11: =_xlfn.XLOOKUP(VALUE(U11),test_out_xwalk!C:C,test_out_xwalk!A:A) -> 1
A12: =IF('summary_EPA Pond'!$A12="","Check Summary EPA POND worksheet Column A",'summary_EPA Pond'!$A12) -> 1_2765542-21371-1_Corn-r07-A_USEPA Pond_0010_median | B12: {=IFERROR(_xlfn.TEXTSPLIT(A12,"_"),"")} -> 1 | C12: 2765542-21371-1 | D12: Corn-r07-A | E12: USEPA Pond | F12: 0010 | G12: median | H12: {=IF(D12="","",(_xlfn.TEXTSPLIT(D12,"-")))} -> Corn | I12: r07 | J12: A | K12: =VLOOKUP(VALUE($B12),test_out_xwalk!$C:$L,3,FALSE) -> Corn-1-1 | L12: =VLOOKUP(VALUE($B12),test_out_xwalk!$C:$L,5,FALSE) -> 0.75 | M12: =VLOOKUP(VALUE($B12),test_out_xwalk!$C:$L,6,FALSE) -> 0.75 | N12: =VLOOKUP(VALUE($B12),test_out_xwalk!$C:$L,8,FALSE) -> None | O12: =VLOOKUP(VALUE($B12),test_out_xwalk!$C:$L,7,FALSE) -> Granular | P12: =VLOOKUP(VALUE($B12),test_out_xwalk!$C:$L,4,FALSE) -> Pre-emergence | Q12: =VLOOKUP(VALUE($B12),test_out_xwalk!$C:$L,9,FALSE) -> Corn | R12: =_xlfn.XLOOKUP(VALUE(B12),test_out_xwalk!$C:$C,test_out_xwalk!$A:$A) -> 1 | T12: =IF('summary_EPA Pond'!$O12="","Check Summary EPA POND worksheet Column O",'summary_EPA Pond'!$O12) -> 1_2765542-21371-1_Corn-r07-A_USEPA Pond_0010_median | U12: {=IFERROR(_xlfn.TEXTSPLIT(T12,"_"),"")} -> 1 | V12: 2765542-21371-1 | W12: Corn-r07-A | X12: USEPA Pond | Y12: 0010 | Z12: median | AA12: {=IF(W12="","",(_xlfn.TEXTSPLIT(W12,"-")))} -> Corn | AB12: r07 | AC12: A | AD12: =VLOOKUP(VALUE($U12),test_out_xwalk!$C:$L,3,FALSE) -> Corn-1-1 | AE12: =VLOOKUP(VALUE($U12),test_out_xwalk!$C:$L,5,FALSE) -> 0.75 | AF12: =VLOOKUP(VALUE($U12),test_out_xwalk!$C:$L,6,FALSE) -> 0.75 | AG12: =VLOOKUP(VALUE($U12),test_out_xwalk!$C:$L,8,FALSE) -> None | AH12: =VLOOKUP(VALUE($U12),test_out_xwalk!$C:$L,7,FALSE) -> Granular | AI12: =VLOOKUP(VALUE($U12),test_out_xwalk!$C:$L,4,FALSE) -> Pre-emergence | AJ12: =VLOOKUP(VALUE($U12),test_out_xwalk!$C:$L,9,FALSE) -> Corn | AK12: =_xlfn.XLOOKUP(VALUE(U12),test_out_xwalk!C:C,test_out_xwalk!A:A) -> 1
A13: =IF('summary_EPA Pond'!$A13="","Check Summary EPA POND worksheet Column A",'summary_EPA Pond'!$A13) -> 1_568322-13597-1_Corn-r08-A_USEPA Pond_0010_median | B13: {=IFERROR(_xlfn.TEXTSPLIT(A13,"_"),"")} -> 1 | C13: 568322-13597-1 | D13: Corn-r08-A | E13: USEPA Pond | F13: 0010 | G13: median | H13: {=IF(D13="","",(_xlfn.TEXTSPLIT(D13,"-")))} -> Corn | I13: r08 | J13: A | K13: =VLOOKUP(VALUE($B13),test_out_xwalk!$C:$L,3,FALSE) -> Corn-1-1 | L13: =VLOOKUP(VALUE($B13),test_out_xwalk!$C:$L,5,FALSE) -> 0.75 | M13: =VLOOKUP(VALUE($B13),test_out_xwalk!$C:$L,6,FALSE) -> 0.75 | N13: =VLOOKUP(VALUE($B13),test_out_xwalk!$C:$L,8,FALSE) -> None | O13: =VLOOKUP(VALUE($B13),test_out_xwalk!$C:$L,7,FALSE) -> Granular | P13: =VLOOKUP(VALUE($B13),test_out_xwalk!$C:$L,4,FALSE) -> Pre-emergence | Q13: =VLOOKUP(VALUE($B13),test_out_xwalk!$C:$L,9,FALSE) -> Corn | R13: =_xlfn.XLOOKUP(VALUE(B13),test_out_xwalk!$C:$C,test_out_xwalk!$A:$A) -> 1 | T13: =IF('summary_EPA Pond'!$O13="","Check Summary EPA POND worksheet Column O",'summary_EPA Pond'!$O13) -> 1_568322-13597-1_Corn-r08-A_USEPA Pond_0010_median | U13: {=IFERROR(_xlfn.TEXTSPLIT(T13,"_"),"")} -> 1 | V13: 568322-13597-1 | W13: Corn-r08-A | X13: USEPA Pond | Y13: 0010 | Z13: median | AA13: {=IF(W13="","",(_xlfn.TEXTSPLIT(W13,"-")))} -> Corn | AB13: r08 | AC13: A | AD13: =VLOOKUP(VALUE($U13),test_out_xwalk!$C:$L,3,FALSE) -> Corn-1-1 | AE13: =VLOOKUP(VALUE($U13),test_out_xwalk!$C:$L,5,FALSE) -> 0.75 | AF13: =VLOOKUP(VALUE($U13),test_out_xwalk!$C:$L,6,FALSE) -> 0.75 | AG13: =VLOOKUP(VALUE($U13),test_out_xwalk!$C:$L,8,FALSE) -> None | AH13: =VLOOKUP(VALUE($U13),test_out_xwalk!$C:$L,7,FALSE) -> Granular | AI13: =VLOOKUP(VALUE($U13),test_out_xwalk!$C:$L,4,FALSE) -> Pre-emergence | AJ13: =VLOOKUP(VALUE($U13),test_out_xwalk!$C:$L,9,FALSE) -> Corn | AK13: =_xlfn.XLOOKUP(VALUE(U13),test_out_xwalk!C:C,test_out_xwalk!A:A) -> 1
A14: =IF('summary_EPA Pond'!$A14="","Check Summary EPA POND worksheet Column A",'summary_EPA Pond'!$A14) -> 1_2798874-27020-1_Corn-r09-A_USEPA Pond_0010_median | B14: {=IFERROR(_xlfn.TEXTSPLIT(A14,"_"),"")} -> 1 | C14: 2798874-27020-1 | D14: Corn-r09-A | E14: USEPA Pond | F14: 0010 | G14: median | H14: {=IF(D14="","",(_xlfn.TEXTSPLIT(D14,"-")))} -> Corn | I14: r09 | J14: A | K14: =VLOOKUP(VALUE($B14),test_out_xwalk!$C:$L,3,FALSE) -> Corn-1-1 | L14: =VLOOKUP(VALUE($B14),test_out_xwalk!$C:$L,5,FALSE) -> 0.75 | M14: =VLOOKUP(VALUE($B14),test_out_xwalk!$C:$L,6,FALSE) -> 0.75 | N14: =VLOOKUP(VALUE($B14),test_out_xwalk!$C:$L,8,FALSE) -> None | O14: =VLOOKUP(VALUE($B14),test_out_xwalk!$C:$L,7,FALSE) -> Granular | P14: =VLOOKUP(VALUE($B14),test_out_xwalk!$C:$L,4,FALSE) -> Pre-emergence | Q14: =VLOOKUP(VALUE($B14),test_out_xwalk!$C:$L,9,FALSE) -> Corn | R14: =_xlfn.XLOOKUP(VALUE(B14),test_out_xwalk!$C:$C,test_out_xwalk!$A:$A) -> 1 | T14: =IF('summary_EPA Pond'!$O14="","Check Summary EPA POND worksheet Column O",'summary_EPA Pond'!$O14) -> 1_2798874-27020-1_Corn-r09-A_USEPA Pond_0010_median | U14: {=IFERROR(_xlfn.TEXTSPLIT(T14,"_"),"")} -> 1 | V14: 2798874-27020-1 | W14: Corn-r09-A | X14: USEPA Pond | Y14: 0010 | Z14: median | AA14: {=IF(W14="","",(_xlfn.TEXTSPLIT(W14,"-")))} -> Corn | AB14: r09 | AC14: A | AD14: =VLOOKUP(VALUE($U14),test_out_xwalk!$C:$L,3,FALSE) -> Corn-1-1 | AE14: =VLOOKUP(VALUE($U14),test_out_xwalk!$C:$L,5,FALSE) -> 0.75 | AF14: =VLOOKUP(VALUE($U14),test_out_xwalk!$C:$L,6,FALSE) -> 0.75 | AG14: =VLOOKUP(VALUE($U14),test_out_xwalk!$C:$L,8,FALSE) -> None | AH14: =VLOOKUP(VALUE($U14),test_out_xwalk!$C:$L,7,FALSE) -> Granular | AI14: =VLOOKUP(VALUE($U14),test_out_xwalk!$C:$L,4,FALSE) -> Pre-emergence | AJ14: =VLOOKUP(VALUE($U14),test_out_xwalk!$C:$L,9,FALSE) -> Corn | AK14: =_xlfn.XLOOKUP(VALUE(U14),test_out_xwalk!C:C,test_out_xwalk!A:A) -> 1
A15: =IF('summary_EPA Pond'!$A15="","Check Summary EPA POND worksheet Column A",'summary_EPA Pond'!$A15) -> 1_1691426-20179-13_Corn-r10L-A_USEPA Pond_0010_median | B15: {=IFERROR(_xlfn.TEXTSPLIT(A15,"_"),"")} -> 1 | C15: 1691426-20179-13 | D15: Corn-r10L-A | E15: USEPA Pond | F15: 0010 | G15: median | H15: {=IF(D15="","",(_xlfn.TEXTSPLIT(D15,"-")))} -> Corn | I15: r10L | J15: A | K15: =VLOOKUP(VALUE($B15),test_out_xwalk!$C:$L,3,FALSE) -> Corn-1-1 | L15: =VLOOKUP(VALUE($B15),test_out_xwalk!$C:$L,5,FALSE) -> 0.75 | M15: =VLOOKUP(VALUE($B15),test_out_xwalk!$C:$L,6,FALSE) -> 0.75 | N15: =VLOOKUP(VALUE($B15),test_out_xwalk!$C:$L,8,FALSE) -> None | O15: =VLOOKUP(VALUE($B15),test_out_xwalk!$C:$L,7,FALSE) -> Granular | P15: =VLOOKUP(VALUE($B15),test_out_xwalk!$C:$L,4,FALSE) -> Pre-emergence | Q15: =VLOOKUP(VALUE($B15),test_out_xwalk!$C:$L,9,FALSE) -> Corn | R15: =_xlfn.XLOOKUP(VALUE(B15),test_out_xwalk!$C:$C,test_out_xwalk!$A:$A) -> 1 | T15: =IF('summary_EPA Pond'!$O15="","Check Summary EPA POND worksheet Column O",'summary_EPA Pond'!$O15) -> 1_1691426-20179-13_Corn-r10L-A_USEPA Pond_0010_median | U15: {=IFERROR(_xlfn.TEXTSPLIT(T15,"_"),"")} -> 1 | V15: 1691426-20179-13 | W15: Corn-r10L-A | X15: USEPA Pond | Y15: 0010 | Z15: median | AA15: {=IF(W15="","",(_xlfn.TEXTSPLIT(W15,"-")))} -> Corn | AB15: r10L | AC15: A | AD15: =VLOOKUP(VALUE($U15),test_out_xwalk!$C:$L,3,FALSE) -> Corn-1-1 | AE15: =VLOOKUP(VALUE($U15),test_out_xwalk!$C:$L,5,FALSE) -> 0.75 | AF15: =VLOOKUP(VALUE($U15),test_out_xwalk!$C:$L,6,FALSE) -> 0.75 | AG15: =VLOOKUP(VALUE($U15),test_out_xwalk!$C:$L,8,FALSE) -> None | AH15: =VLOOKUP(VALUE($U15),test_out_xwalk!$C:$L,7,FALSE) -> Granular | AI15: =VLOOKUP(VALUE($U15),test_out_xwalk!$C:$L,4,FALSE) -> Pre-emergence | AJ15: =VLOOKUP(VALUE($U15),test_out_xwalk!$C:$L,9,FALSE) -> Corn | AK15: =_xlfn.XLOOKUP(VALUE(U15),test_out_xwalk!C:C,test_out_xwalk!A:A) -> 1
... A222: =IF('summary_EPA Pond'!$A222="","Check Summary EPA POND worksheet Column A",'summary_EPA Pond'!$A222) -> 18_397808-22314-12_Vegetable fresh or processing market-r07-A_USEPA Pond_0010_median | B222: {=IFERROR(_xlfn.TEXTSPLIT(A222,"_"),"")} -> 18 | C222: 397808-22314-12 | D222: Vegetable fresh or processing market-r07-A | E222: USEPA Pond | F222: 0010 | G222: median | H222: {=IF(D222="","",(_xlfn.TEXTSPLIT(D222,"-")))} -> Vegetable fresh or processing market | I222: r07 | J222: A | K222: =VLOOKUP(VALUE($B222),test_out_xwalk!$C:$L,3,FALSE) -> Broccoli-6-18 | L222: =VLOOKUP(VALUE($B222),test_out_xwalk!$C:$L,5,FALSE) -> 0.5 | M222: =VLOOKUP(VALUE($B222),test_out_xwalk!$C:$L,6,FALSE) -> 0.5 | N222: =VLOOKUP(VALUE($B222),test_out_xwalk!$C:$L,8,FALSE) -> Ground_F-MC_HB | O222: =VLOOKUP(VALUE($B222),test_out_xwalk!$C:$L,7,FALSE) -> Spray | P222: =VLOOKUP(VALUE($B222),test_out_xwalk!$C:$L,4,FALSE) -> Pre-emergence | Q222: =VLOOKUP(VALUE($B222),test_out_xwalk!$C:$L,9,FALSE) -> Vegetables and Ground Fruit | R222: =_xlfn.XLOOKUP(VALUE(B222),test_out_xwalk!$C:$C,test_out_xwalk!$A:$A) -> 6 | T222: =IF('summary_EPA Pond'!$O222="","Check Summary EPA POND worksheet Column O",'summary_EPA Pond'!$O222) -> 31_463577-14897-176_Pasture or forage-r18-A_USEPA Pond_0030_median | U222: {=IFERROR(_xlfn.TEXTSPLIT(T222,"_"),"")} -> 31 | V222: 463577-14897-176 | W222: Pasture or forage-r18-A | X222: USEPA Pond | Y222: 0030 | Z222: median | AA222: {=IF(W222="","",(_xlfn.TEXTSPLIT(W222,"-")))} -> Pasture or forage | AB222: r18 | AC222: A | AD222: =VLOOKUP(VALUE($U222),test_out_xwalk!$C:$L,3,FALSE) -> Grass, Pasture-11-31 | AE222: =VLOOKUP(VALUE($U222),test_out_xwalk!$C:$L,5,FALSE) -> 1 | AF222: =VLOOKUP(VALUE($U222),test_out_xwalk!$C:$L,6,FALSE) -> 1 | AG222: =VLOOKUP(VALUE($U222),test_out_xwalk!$C:$L,8,FALSE) -> None | AH222: =VLOOKUP(VALUE($U222),test_out_xwalk!$C:$L,7,FALSE) -> Spray | AI222: =VLOOKUP(VALUE($U222),test_out_xwalk!$C:$L,4,FALSE) -> Post-emergence | AJ222: =VLOOKUP(VALUE($U222),test_out_xwalk!$C:$L,9,FALSE) -> Range | AK222: =_xlfn.XLOOKUP(VALUE(U222),test_out_xwalk!C:C,test_out_xwalk!A:A) -> 11
A223: =IF('summary_EPA Pond'!$A223="","Check Summary EPA POND worksheet Column A",'summary_EPA Pond'!$A223) -> 18_1715900-13351-54_Vegetable fresh or processing market-r08-A_USEPA Pond_0010_median | B223: {=IFERROR(_xlfn.TEXTSPLIT(A223,"_"),"")} -> 18 | C223: 1715900-13351-54 | D223: Vegetable fresh or processing market-r08-A | E223: USEPA Pond | F223: 0010 | G223: median | H223: {=IF(D223="","",(_xlfn.TEXTSPLIT(D223,"-")))} -> Vegetable fresh or processing market | I223: r08 | J223: A | K223: =VLOOKUP(VALUE($B223),test_out_xwalk!$C:$L,3,FALSE) -> Broccoli-6-18 | L223: =VLOOKUP(VALUE($B223),test_out_xwalk!$C:$L,5,FALSE) -> 0.5 | M223: =VLOOKUP(VALUE($B223),test_out_xwalk!$C:$L,6,FALSE) -> 0.5 | N223: =VLOOKUP(VALUE($B223),test_out_xwalk!$C:$L,8,FALSE) -> Ground_F-MC_HB | O223: =VLOOKUP(VALUE($B223),test_out_xwalk!$C:$L,7,FALSE) -> Spray | P223: =VLOOKUP(VALUE($B223),test_out_xwalk!$C:$L,4,FALSE) -> Pre-emergence | Q223: =VLOOKUP(VALUE($B223),test_out_xwalk!$C:$L,9,FALSE) -> Vegetables and Ground Fruit | R223: =_xlfn.XLOOKUP(VALUE(B223),test_out_xwalk!$C:$C,test_out_xwalk!$A:$A) -> 6 | T223: =IF('summary_EPA Pond'!$O223="","Check Summary EPA POND worksheet Column O",'summary_EPA Pond'!$O223) -> Check Summary EPA POND worksheet Column O | U223: {=IFERROR(_xlfn.TEXTSPLIT(T223,"_"),"")} -> Check Summary EPA POND worksheet Column O | AA223: {=IF(W223="","",(_xlfn.TEXTSPLIT(W223,"-")))} | AD223: =VLOOKUP(VALUE($U223),test_out_xwalk!$C:$L,3,FALSE) -> #VALUE! | AE223: =VLOOKUP(VALUE($U223),test_out_xwalk!$C:$L,5,FALSE) -> #VALUE! | AF223: =VLOOKUP(VALUE($U223),test_out_xwalk!$C:$L,6,FALSE) -> #VALUE! | AG223: =VLOOKUP(VALUE($U223),test_out_xwalk!$C:$L,8,FALSE) -> #VALUE! | AH223: =VLOOKUP(VALUE($U223),test_out_xwalk!$C:$L,7,FALSE) -> #VALUE! | AI223: =VLOOKUP(VALUE($U223),test_out_xwalk!$C:$L,4,FALSE) -> #VALUE! | AJ223: =VLOOKUP(VALUE($U223),test_out_xwalk!$C:$L,9,FALSE) -> #VALUE! | AK223: =_xlfn.XLOOKUP(VALUE(U223),test_out_xwalk!C:C,test_out_xwalk!A:A) -> #VALUE!
A224: =IF('summary_EPA Pond'!$A224="","Check Summary EPA POND worksheet Column A",'summary_EPA Pond'!$A224) -> 18_356962-25371-12_Vegetable fresh or processing market-r09-A_USEPA Pond_0010_median | B224: {=IFERROR(_xlfn.TEXTSPLIT(A224,"_"),"")} -> 18 | C224: 356962-25371-12 | D224: Vegetable fresh or processing market-r09-A | E224: USEPA Pond | F224: 0010 | G224: median | H224: {=IF(D224="","",(_xlfn.TEXTSPLIT(D224,"-")))} -> Vegetable fresh or processing market | I224: r09 | J224: A | K224: =VLOOKUP(VALUE($B224),test_out_xwalk!$C:$L,3,FALSE) -> Broccoli-6-18 | L224: =VLOOKUP(VALUE($B224),test_out_xwalk!$C:$L,5,FALSE) -> 0.5 | M224: =VLOOKUP(VALUE($B224),test_out_xwalk!$C:$L,6,FALSE) -> 0.5 | N224: =VLOOKUP(VALUE($B224),test_out_xwalk!$C:$L,8,FALSE) -> Ground_F-MC_HB | O224: =VLOOKUP(VALUE($B224),test_out_xwalk!$C:$L,7,FALSE) -> Spray | P224: =VLOOKUP(VALUE($B224),test_out_xwalk!$C:$L,4,FALSE) -> Pre-emergence | Q224: =VLOOKUP(VALUE($B224),test_out_xwalk!$C:$L,9,FALSE) -> Vegetables and Ground Fruit | R224: =_xlfn.XLOOKUP(VALUE(B224),test_out_xwalk!$C:$C,test_out_xwalk!$A:$A) -> 6 | T224: =IF('summary_EPA Pond'!$O224="","Check Summary EPA POND worksheet Column O",'summary_EPA Pond'!$O224) -> Check Summary EPA POND worksheet Column O | U224: {=IFERROR(_xlfn.TEXTSPLIT(T224,"_"),"")} -> Check Summary EPA POND worksheet Column O | AA224: {=IF(W224="","",(_xlfn.TEXTSPLIT(W224,"-")))} | AD224: =VLOOKUP(VALUE($U224),test_out_xwalk!$C:$L,3,FALSE) -> #VALUE! | AE224: =VLOOKUP(VALUE($U224),test_out_xwalk!$C:$L,5,FALSE) -> #VALUE! | AF224: =VLOOKUP(VALUE($U224),test_out_xwalk!$C:$L,6,FALSE) -> #VALUE! | AG224: =VLOOKUP(VALUE($U224),test_out_xwalk!$C:$L,8,FALSE) -> #VALUE! | AH224: =VLOOKUP(VALUE($U224),test_out_xwalk!$C:$L,7,FALSE) -> #VALUE! | AI224: =VLOOKUP(VALUE($U224),test_out_xwalk!$C:$L,4,FALSE) -> #VALUE! | AJ224: =VLOOKUP(VALUE($U224),test_out_xwalk!$C:$L,9,FALSE) -> #VALUE! | AK224: =_xlfn.XLOOKUP(VALUE(U224),test_out_xwalk!C:C,test_out_xwalk!A:A) -> #VALUE!
